tweetID,retweet_count,favorite_count
1385011,6397,250
1773335,4401,425
4220219,583,5198
7047184,6028,7590
2244026,3090,6435
1131418,4026,8406
2169932,8535,12083
1645805,6035,10587
3254964,7634,8158
4983593,1858,4044
1353405,9261,9639
9233766,2,2718
9533745,6900,9707
8110580,2978,3402
9921291,9785,12237
3463474,1602,5175
8663351,6047,6603
3382178,3126,7399
2433887,9189,12740
1972946,3236,4582
2012737,9884,10931
1356295,9441,13640
8681744,7454,12169
4717804,5727,6305
2091887,5903,7674
1560726,1821,5972
2860147,3103,7128
1980204,384,549
9117221,16,360
1363463,3351,4788
4580053,3571,4478
4753858,4518,7509
6129952,2455,2499
7083570,3171,7077
2958921,9320,12607
2433373,9651,11169
5141339,3218,5562
5643355,5972,8041
6628400,4145,6500
5589813,5479,9275
9599132,4807,6092
2519966,8755,12419
7239515,7968,8021
6091037,2093,5704
6773911,1875,3394
8723324,591,4823
3529075,1375,5906
5022494,644,3042
1920992,1456,3795
9215856,9937,13907
9069791,8543,9043
1007063,8969,11653
9304819,353,3681
2457236,6393,7611
6917668,531,4679
6169083,6311,8560
7315157,8315,9994
7023093,7744,9476
2008935,7987,11847
2401553,9743,13189
4434235,2210,6504
3684216,1821,5016
5935013,1148,5245
4751612,2882,4378
8369625,6420,10761
5679359,2395,5382
3073806,642,749
6210142,1188,2624
5148975,550,1725
8645637,9868,13164
3278283,5525,8856
9908085,3106,6231
6800179,7880,8091
6711141,9511,13782
5526440,7353,12054
5745703,3745,4877
9795435,1988,5609
4834079,1502,4773
3791528,4932,6794
3286195,8047,12890
5274418,7532,10098
5029714,2437,7138
5958421,9757,11389
2253071,8226,11340
6196487,3137,5887
5189522,1505,2112
2919035,6692,9674
6353573,4937,6363
1181238,6658,8807
3933563,863,3027
1170106,3450,6398
9768934,9519,9544
4113779,5967,9449
2906140,7642,12021
1566236,5441,8507
6279315,3266,4119
4797122,7330,10928
9914357,9716,11963
5875010,5880,6926
1843411,4231,7944
7703348,4138,6256
4892788,831,2926
9636258,8845,12754
7431149,4042,8924
2811800,9316,11937
8831878,5218,5551
2455707,8306,10756
1128627,8289,10099
6704079,450,3409
3331353,3939,7201
6292666,2253,6692
2727668,70,2891
4423330,5895,5955
1904920,6743,8549
1694029,6323,8308
1322666,5052,6963
2510953,6448,10108
6124262,1850,5838
6288993,7824,11110
7073457,953,3041
9590957,4564,5610
3650818,321,1748
8199609,6498,9506
5454674,1029,2353
2241631,2495,4793
9008017,4650,7552
3611016,2667,4953
6182410,9336,14216
1335857,2126,4587
6522344,8312,11970
6828916,2307,6674
2997998,864,4559
1593248,8481,12465
3708548,4643,5879
8244793,5991,7492
9806662,5909,9091
9413151,3529,7592
6191864,2809,5279
7112696,5159,8666
5174993,8368,9551
4517750,5909,7584
4202521,6701,10268
8467317,7084,7194
9288564,4827,6950
3611113,7015,8334
9830565,6566,9931
2112588,2445,2820
4205369,6214,10645
7222285,2587,5794
2884941,6493,11234
8568949,1360,2072
6151077,5632,7827
4858568,3348,4240
6480251,7452,11208
3741752,3022,6805
3806581,1419,3172
4193832,4703,5645
9875761,3687,7323
3414541,4303,6921
3859424,829,5464
8275897,3230,3494
2792787,5259,7880
7440117,8403,9617
8876601,7716,11460
6613823,4092,4450
3262246,8265,9687
9529053,6860,7984
9181729,3800,3925
7561308,8920,12353
4516172,8642,12303
6678498,8489,10070
4052705,5457,8426
9421813,6609,8486
4224217,1296,4347
2118876,3218,3877
9442099,9726,13511
5416507,462,5051
3465338,2334,4820
9927413,8796,12976
9500190,7264,11031
5251118,4624,5652
5972252,6486,10918
2760246,949,1088
8913069,7662,11057
6524943,2846,3274
4806188,8365,13250
2792110,9066,13998
9356277,6905,7342
1024901,1687,3186
2893072,7629,10746
7290854,7921,11998
1297609,786,3274
7636004,7637,10131
7883247,9613,11858
8129942,3956,8249
2226393,2224,4461
6913806,2208,2307
8484785,4846,7015
2757432,2479,3926
3308006,1325,6055
6892513,6874,7803
7060362,9783,14389
2438311,7031,8574
9079110,2528,7277
5435886,2363,5160
3709403,3286,7751
6771821,7919,10594
9240787,272,1736
4209876,6237,6323
2990711,8414,9224
7111455,5516,5957
1416023,3841,4475
4960613,675,4262
6314290,9900,13349
6786507,2487,3965
5349792,7684,11949
1392708,3933,5739
5979921,9638,9967
1129151,1679,1810
5873583,3536,7094
9323206,8354,8531
9822430,1446,2995
6928034,6841,11069
4417252,2574,4349
5531304,5186,5596
3678682,669,5557
2638655,6019,7985
7717087,138,1666
9027238,6592,9663
1956033,8030,11598
4557976,1558,2174
8063806,3943,6943
8769620,2861,3421
2047023,2559,5431
7736177,8659,10285
7659293,4135,6820
7336977,1478,2472
8833440,9281,14043
4272544,2146,4183
5136525,7709,12015
5986841,2876,6727
3478915,1202,3405
7954446,6395,11027
8292783,7857,8713
9050420,5617,5921
1502199,8260,12940
2677423,7802,12505
4110917,7585,8670
8685861,2285,5908
4542784,9872,12632
3115508,9950,12677
5819960,8196,9509
2171760,2986,5177
5469005,4873,6726
3717642,2410,6641
8834469,1010,1458
6288786,1083,2739
8226953,6536,8902
7538288,3953,8580
3555184,4003,6607
9073750,2641,5447
5668028,310,374
7210693,5407,9123
3510853,8541,8887
2739434,5896,10234
3844167,7085,8472
3956053,4949,7918
1676028,3663,7427
5179294,6980,11562
6179244,2310,5081
7863427,4204,7263
6590370,6901,8011
9550842,3109,6985
4879985,9737,10887
1752484,5854,8596
3933878,7590,10952
4844061,8316,8793
5161807,2563,4464
8756033,6024,8168
4398374,8864,13317
7654379,7405,10437
9578352,4067,5264
4036649,7193,10631
8414120,2671,5158
8643930,8050,9271
4076262,1962,5620
5822660,7798,9655
1549927,3839,4903
6844738,319,1776
3090659,8307,9373
1359350,9542,12712
5397353,7423,8995
3557793,9720,10205
3425823,8554,11968
7692195,5250,7585
4897880,8748,13103
5951957,3381,5594
3241499,6025,10135
7355536,4584,5223
5066740,2350,2484
9673611,7958,10071
7783311,8513,9331
8777865,4898,6795
6001795,6536,10712
3511704,3740,4103
7097112,8630,11432
9514805,8801,12398
4867014,1009,1481
6406673,1797,2591
2822676,8132,12519
7836929,5633,5925
4990529,343,5191
1035286,6722,10659
1542461,6226,8272
2778175,3723,4121
5027018,9797,13195
4093347,8234,12408
5475164,7869,8875
6120205,5937,7830
1577633,6589,8886
1389284,8099,8980
8407205,4919,9913
7807552,9192,9877
4633614,9711,11853
5328052,6299,8456
6833520,9718,10547
9568570,2407,4110
9645854,9072,12000
7972859,8741,8787
9020717,3816,6389
1107356,820,2434
2826467,9387,12144
5949010,6332,7661
4957778,7546,9795
6017467,1604,1604
6945387,6380,7213
4925821,4869,6055
6071539,8433,11173
6271884,787,3495
5154276,1464,3284
9994346,9819,14509
7777961,691,4417
1441997,498,1691
7006052,2277,3035
9808853,2523,4390
9404849,8289,9078
6887278,3525,4153
5927408,4480,9084
9665138,724,4785
4558206,1779,4868
6144950,5480,7372
6899978,142,3384
5471918,5029,7968
2901926,6496,9787
2982760,8119,10955
7434566,7587,8213
6480960,515,1617
7619022,4740,9451
5671475,988,3832
7279309,1397,5522
8536156,1463,3937
6228328,237,2259
4846291,8767,12645
6839917,1026,3183
4168915,3289,8037
6964771,7421,11488
2061299,9086,13846
1961437,7870,8544
4125538,5067,8992
6682932,557,1177
5257464,8,4026
8250960,5890,10154
1008736,8230,13149
7809542,740,2641
9035582,9028,11057
3694725,5936,7550
3299384,7993,11363
5536901,6380,8282
4818453,5123,5248
7129998,1493,4002
9976835,6203,10003
5301682,2985,5758
8720400,5461,7368
1767089,4070,6151
1012803,7122,7878
9503852,132,4644
5405371,5064,6046
2030419,3683,4651
5882409,1329,6153
4910699,7106,11336
5579852,5585,6764
6975693,1221,5126
2600823,2784,3558
1665961,1295,1518
6516805,8793,10322
4199528,1789,5656
6949967,9790,11328
4829804,3494,4431
4845588,9826,10534
6909316,164,3236
6363872,207,2433
5711630,4347,7739
9913883,393,3960
5843588,837,2901
2643503,4734,9475
4594746,3202,6065
4055223,3984,6908
8360708,4069,6223
9350740,1744,4541
3441139,3191,5171
4540669,7048,10115
9952580,3843,5276
3340720,5587,7128
8216408,184,681
2092770,7611,9027
2756033,6299,7956
3480999,2272,6666
3394768,8866,11710
7620518,209,2976
2451734,6177,8292
8427117,9042,9088
5533086,9106,13508
3954366,2314,3247
7427286,1879,2127
8053232,1059,4753
7978068,4616,5569
6411777,5521,10331
8997173,7253,12127
5787696,7921,11339
6058131,9881,14350
5620284,5589,7070
1729382,3183,7499
3727361,1431,4392
6034652,3040,5383
3565231,9035,10208
2729123,1932,3559
3864654,4001,8239
7389290,5195,7637
2136878,2509,3765
1259148,8547,9185
7957061,5526,6266
6944329,5963,9602
7798954,2036,6138
6447836,2347,3057
7917001,9146,11692
6838142,6004,8784
8976867,8854,11616
6584531,7990,11266
5279983,5808,8065
8449723,6892,8880
8639167,5599,7149
2913312,7825,12086
6890594,4341,8951
9184689,3878,4017
4890339,1271,3233
1447031,3585,5641
2597490,3450,5980
6126950,8569,12657
2201048,6553,7077
9736834,7719,9316
6673078,99,1949
1231999,7634,11923
6391885,6209,6934
9185544,3367,6118
1181577,2582,6243
6388438,8234,10839
3130254,856,2275
6436037,5289,7650
1989116,8823,10297
6040690,3849,6929
9164154,2265,4519
1031965,6263,8159
1634271,4789,5391
8597045,2018,4153
7281222,7471,9415
2244047,100,2787
2150940,925,4281
9555100,319,4831
3446471,5775,9473
5407560,3800,6018
7079646,7666,10077
6706817,1636,1968
3155542,2454,6115
8685670,4737,9628
1881992,8597,10497
8385503,3607,6899
8873160,4521,4558
5677490,8259,9176
7802639,3942,6731
2429770,4890,5813
5946713,6212,9999
9848601,9969,11484
7048926,2647,3364
5334716,866,2081
8146695,7953,11383
9554144,887,5009
3494682,9914,11186
1789071,9897,10329
3192729,1400,4911
3177489,1553,2001
8883472,1376,3750
6083233,1512,1692
7309067,8291,12788
4843975,8957,13775
8145965,2118,2236
8260945,1928,2927
5033080,5925,9509
4866876,5347,9367
1898553,1259,3945
8396138,8437,10627
5528430,6961,9139
1288433,6606,10389
4219295,5320,7709
7361057,358,708
1768001,5533,6089
9502354,3068,7573
2029687,1996,6342
4826155,1260,1593
8761131,228,1977
5514809,5688,7135
2652854,8619,12732
9119232,8939,12509
6730819,6680,11521
9163172,9935,10347
9827405,9622,10310
8259948,9384,10090
3752410,7797,12444
3016291,127,1832
5460432,7414,9979
6850495,4963,8221
7846955,9723,11571
2147258,2190,2537
6429504,2301,3690
8878445,9069,10611
6409161,7143,11232
6847570,7416,11866
6565391,8586,10564
4547421,924,3106
1228613,8599,11339
3116692,1417,1933
3406101,5413,7043
8093246,2843,6163
4772772,5009,7736
4463166,9598,10096
5515213,6348,6693
6856813,8198,13162
1528818,1830,4921
7117861,2737,2838
2774146,5046,7868
5134264,2957,4615
4824974,1678,2810
6551324,6258,9119
7315683,8896,11092
8855588,1282,5538
4288198,7126,8702
6784155,1202,2284
3201082,8037,12994
8038969,3661,7451
1255138,3716,7627
3533093,9800,12427
7064310,1923,4813
9188987,2012,5497
7613473,7596,11897
1498222,9916,10062
8653344,1156,5949
9680611,8383,9027
3198348,9027,12440
2838135,7061,11657
7312495,1118,4057
1509129,6129,7026
1285544,5738,10348
3953017,4651,8938
5895229,8043,10486
8687422,3512,5275
7601553,7577,9284
7775010,8277,11629
4493973,4027,7795
4814756,9262,14176
3078522,4053,7026
1487140,5081,9736
8525573,7534,11504
6807155,6263,7594
3890436,5551,5706
5327613,3030,5569
9524497,4280,8469
9908086,3461,7853
6424152,8802,13651
8538946,5427,9824
3452626,1032,1066
5098561,2293,4192
1246494,2496,3631
5873942,9031,9094
4616820,2007,5682
7086733,1396,4033
8063235,8552,13180
4828992,1882,6318
6963092,6825,10402
3007760,5409,6399
4523859,7890,8705
9921386,1896,6832
4257531,9572,12344
8080304,363,3590
1912869,70,4746
5314065,579,1503
3149576,6511,11263
9869781,1997,3831
3212379,1216,6098
6936080,8429,13358
3460588,8180,9321
4924375,8650,12291
7425284,4223,4846
6339591,8145,8686
4573386,4525,5042
7780752,3134,3443
3622979,3985,5097
9045009,8414,13067
9867919,4509,6188
6308549,7307,8433
6574822,3268,6327
5691817,9071,11363
1925726,2973,3987
1268043,5711,7574
5489814,3499,7391
9365033,4626,7134
6714118,9141,10645
6914561,5999,6537
9247958,5177,9769
4744486,9996,10905
5248823,2851,5716
6997199,2519,5357
1377816,6648,7820
5776047,7522,8692
6741279,2133,6600
8763411,2184,5600
1218932,4290,6931
4785022,9122,13033
7444593,8568,10193
8334839,8055,10977
9966872,6693,8492
3249944,8706,12879
8200433,4130,7162
6031663,6110,9359
3118473,9098,11320
3908522,542,5416
9655027,7399,9441
9741932,9982,14139
2405114,5299,10159
6860957,7643,12335
2858380,3005,7224
7399017,4692,7102
9068812,942,5460
3362328,5868,7641
4611202,8583,12001
3677695,5305,9996
3364589,3713,5157
9531451,8710,8724
1790335,7400,7600
2285445,2504,4378
9032716,8284,10129
9407672,2232,4115
7995936,2501,5688
6738618,8621,13130
7975795,4781,7512
9606108,4859,5370
9518298,2114,3356
8222581,1622,2313
6784702,8597,9970
8632433,4777,6274
5176051,4834,5621
3599202,5363,6373
1641818,263,1327
8763175,4160,7880
1316436,8209,12586
4016849,4936,9106
4084288,738,2535
9694408,8913,13226
3217187,4334,8280
5268179,6123,10957
4562276,4400,6495
2823136,4477,8540
3822801,5821,6303
7982103,1406,4832
7749352,1285,2825
4107720,7445,8667
4141827,6579,10127
8084382,865,1642
7166625,3020,3780
8325189,7303,11066
9518439,2086,5446
1801129,3609,7245
9900400,2279,3705
2853191,1456,2690
7222051,5294,8548
9485177,449,1315
7105417,2395,4709
8401669,7953,10190
9752316,5290,9485
4909183,8797,9760
1502679,7834,8397
6470975,8474,8679
8093557,4702,9477
2495270,7159,7644
2197455,346,1122
5372443,9789,12114
4718980,7460,11515
9076564,8325,9658
7483214,2098,3007
9626833,5728,10543
3038072,9484,12640
6090491,609,840
4462088,585,4262
1221638,6561,8249
8726638,8174,12354
8263760,2464,3937
7572161,1517,4000
4411023,5529,9067
1508108,9104,12109
8674647,2088,2499
2308981,2658,4368
5124893,7504,8333
5835921,8961,9441
6272514,7269,9839
8223996,8197,10297
6958896,6302,8357
5162097,9880,11201
8855735,4922,5223
1278783,3867,7855
7661112,9748,9944
5024886,4373,9265
8184911,8588,10849
5202539,4515,7766
3947950,627,990
9289358,6039,10757
4312391,805,2659
4527178,3831,6993
7826339,3835,4384
2489864,676,5161
3636613,7464,9949
6335813,5008,9703
3891679,8089,9329
2156308,3606,5648
2659833,4211,6244
7839610,1952,3487
7787760,8307,11523
8964585,2592,7348
9679276,9425,11879
2012915,2321,5521
4226432,5719,9749
7612316,4927,6947
7227786,4995,6402
1120716,7406,11685
5116228,6497,10637
2708369,2352,5639
5903198,9507,13476
2725358,2557,3604
1833589,907,3926
6603241,801,3994
3571614,6606,10226
3020888,1034,4567
1107074,7620,10200
6514569,1880,5671
7792479,8838,12583
4239541,6880,7640
7001314,9476,11671
9402358,4555,4833
4215378,2583,3859
1604494,2542,6384
2555196,7282,10563
5902913,5443,9935
9673683,7323,11552
5953444,3286,6722
3553625,7652,12606
3400495,3950,7017
8996702,9961,11338
2849119,6297,10521
7831575,5198,9392
1010152,4448,8439
8410687,8205,9692
3208516,6690,8901
2420920,3298,7231
4944870,4036,7552
1001529,762,4762
9937050,2889,6418
8102921,2861,6181
9645208,6518,7925
6785080,3803,5833
1670391,7138,9953
4069779,7034,7101
7508374,9524,12566
3051583,5729,9937
8926569,1127,3877
7733619,8413,8912
8511262,2762,7586
3164119,4710,8131
5305322,7258,10988
4322059,3764,5786
9463952,201,1955
6865434,8416,9805
5593459,7862,10301
3946071,6860,8542
2060124,3995,6265
2798947,7456,7467
3914833,7184,11105
7221302,1896,6788
2500831,7415,10625
6033600,9914,10818
8773976,8267,10103
6163501,1227,5885
5881564,4930,6698
1962871,5712,9730
2458104,2503,6914
1813389,8370,12792
4327723,5891,10760
4600218,5107,9489
7965445,8188,10581
1682571,2409,3777
4929681,2720,7330
3980884,5635,9895
4544311,7412,10254
7689886,6481,9643
2678133,7910,8770
3231281,8238,9050
7837308,7760,11253
9460429,515,2100
6830540,9011,11265
7306199,8633,13489
2471511,6638,7928
7043637,79,3605
5549724,4074,7470
1235801,176,981
7652491,1423,2331
6364054,4226,8284
1826412,5167,7755
6641699,4279,8478
3255688,448,5252
7260837,3007,7499
1385947,5573,10339
3672200,2969,6873
6204497,9830,13804
8810222,3721,4869
8014831,6940,9005
2928102,1975,6510
1043879,9448,13298
4645239,9173,14136
5720608,907,1216
7986343,8819,11895
5527480,3783,4211
5839010,6524,10835
1307388,5042,5618
6760361,6214,7407
2495757,7198,11134
3236147,9883,14589
4644784,5204,6210
3690330,747,1277
7330037,80,4082
1676807,7942,8247
9453394,9544,10092
9306408,5739,10633
3317794,8342,9954
1852199,9374,12792
5044251,3511,8431
1308973,5070,5327
4784611,6547,11126
6463629,2073,5387
5650608,5131,9770
7019121,6968,10508
1659946,4175,6807
6068785,6901,7015
2238565,1927,6167
7850585,5472,8275
7787985,7121,10759
5597013,9281,9400
7008876,3124,7251
8633334,4524,8338
1787646,5816,9258
5682910,3515,8073
9791017,8588,13395
8597506,9146,11618
5305944,4192,5803
5928653,2717,4833
9395801,1656,1820
3042842,7988,12538
7979599,4604,9274
7884136,6671,9131
6948919,849,5845
5070090,2242,6427
6140919,853,3383
2561387,8837,10000
6147305,4769,9247
7631133,2692,7143
9434182,7576,8849
1067380,6711,10453
3404262,851,4575
4844159,1847,4214
3715272,7459,11968
7480473,8642,13561
1044182,4189,6288
5037696,4133,5644
9089820,7727,8511
9455742,9973,13600
5007065,4222,6155
3113241,5874,8663
1805594,437,3051
8756142,520,2598
6054477,3137,4608
5599411,961,5790
5940729,3202,4290
2497938,4052,6073
5163597,5718,7094
4111198,2055,3580
2386674,3272,5917
6531254,5852,7357
8899978,2344,4462
5797898,7854,10645
8343853,6129,7566
3731364,8784,9115
4157299,628,1601
1793701,6380,8188
2406194,3716,7900
3292482,2235,4782
2824139,2161,6723
1788572,4440,8490
1627079,7598,7820
4673634,3092,6132
9241882,982,3441
9789913,9047,14007
4328890,5996,6235
5027386,3910,7261
7814232,517,4949
7133700,8198,12222
2948068,6552,7902
7160560,7645,11283
7304227,5161,5903
7921460,7314,7584
4632676,131,2700
4065241,4593,5847
3849112,5902,7505
5502673,2548,3818
7334020,6681,10597
2941512,1795,3057
9322617,2437,3829
6632649,9826,9929
5902153,2572,3196
1646305,3760,5205
5259225,749,1574
8219739,5047,9481
9973183,190,551
8335466,3071,6210
5545614,162,1085
9997969,5740,7260
1195408,9142,12799
7689491,5201,9532
5749749,4019,8309
2752801,3516,6886
1124911,5480,6912
6395855,7766,11864
3624024,108,1032
5741482,5963,7255
7045834,3550,3702
2582478,8153,9142
1174999,9527,10763
6037251,5255,9262
9901076,1415,4942
1222032,9791,14148
2483273,329,4754
3184172,540,3904
2486599,2252,5393
7349863,4870,6733
9933119,3359,3708
7159025,1710,4355
9799355,7721,9773
8562322,9683,13466
9908299,2112,5480
7517169,5113,7870
1317378,7324,11163
8759201,6639,6704
5160760,7493,11109
6165522,7055,11130
3537135,132,782
1520231,1456,5179
7395162,952,1308
2811564,3027,3190
7820525,3080,4961
2183365,7019,10989
7095556,2977,5708
3454176,502,616
4945607,8097,12021
1000554,7394,7643
9867404,2671,4473
1482616,5251,7233
5161353,6570,9952
6402994,2545,6543
6836164,5735,9040
9764292,7667,11577
3357028,6392,11372
8930766,1013,5014
8494244,5062,5279
8927863,6663,7211
5350652,9744,11728
1907869,372,4964
9475486,9928,10951
8494057,1499,5073
5356542,508,5252
4765638,2448,3111
2476082,3291,7782
6996530,9707,9768
6157003,9858,12571
1433441,541,2594
3459439,7825,11359
5815974,7409,8025
6249761,8689,11497
7565851,158,1485
8258522,4604,4820
7156510,370,3953
2376180,1232,3501
7674544,7428,9077
6000582,9639,9674
3435953,664,711
5283038,6611,8662
8873995,7847,12476
2753523,5439,7553
9632983,1043,2448
3022449,9969,13178
8608082,8902,9383
9517252,5817,6034
2719373,9566,12415
6665761,3244,4908
5783220,4707,7813
2490047,6811,9040
8630421,1649,3292
5648649,8258,10758
3234190,6129,7640
8578709,489,2358
8499909,7014,8833
7253614,4054,6193
1292487,7259,10807
5494793,5788,9865
3536828,8123,8355
7820499,1609,4629
5275137,1827,2446
5560074,2457,4165
7604677,630,2239
4551230,4593,8478
4168295,4716,7718
7510569,6216,9103
8657928,3993,8177
3519118,9590,12074
6559280,5893,9967
7943076,3427,6183
7614904,1820,5572
9354096,1219,6108
9866621,4937,9502
2854523,2224,6389
1966040,3279,6854
7203697,5196,7682
5871974,7646,12208
8877850,2971,5137
7272638,3622,6894
9481209,6790,11733
5007699,7938,8233
8498328,6024,10572
1787179,5740,10005
7597318,1500,5204
3917926,1563,2212
7769285,6885,11351
6284283,1959,2208
7692113,1165,4835
5944608,195,703
2052077,8506,12561
7806083,7381,11162
9967935,5895,9718
1124510,9670,9983
4785596,7503,8195
1939445,6671,8910
9779501,53,2438
3050147,953,2842
1309830,6950,9450
5130021,2852,3561
2138422,1662,3853
3636660,2925,4574
3230909,2408,4898
2131531,6853,8322
1507973,8530,10084
4577875,9881,14654
2752934,7148,7921
7056546,1684,2701
5068085,989,5186
4801338,3076,5471
6951324,5205,5750
8624329,8484,11952
9229207,1279,1558
1769297,1420,5771
9521040,4016,7697
4407593,1700,2610
2687679,4473,7118
5348685,2795,3419
3645527,9371,9666
2946993,1936,4721
8674396,439,4910
8206905,7875,10805
4438094,3440,7705
8309404,7591,7774
3202444,3120,3950
6230619,3334,8111
4880208,7462,9520
2113697,1154,1545
5721567,361,4276
2444052,3472,4858
3584109,4796,8188
4147737,9002,11861
7623271,5138,8347
1636906,8401,10583
5214365,6672,6809
5367301,8309,8554
4000062,2042,4357
7611410,4067,7087
4669693,7920,9269
5571310,1309,4743
8968404,9264,10164
9023435,4432,7121
5996313,5808,8029
9944204,1818,5114
7835598,4550,6276
6971897,5991,9343
8145933,8674,12163
3900561,3460,6975
1983304,2872,3799
3048579,3845,8090
4635774,3116,6104
3369388,246,2480
5606548,4630,8811
1004748,5012,6124
7440598,4350,6123
7897772,3994,6546
1062277,1342,4776
7728512,8842,10772
7971336,9700,14662
8484208,9666,12007
2385779,2808,6252
1048095,8219,9487
9780998,3625,3826
8149574,2467,5535
1157550,5358,7500
6413655,6398,10205
5900366,164,4566
1474148,9115,13397
6400358,5960,6798
4901222,176,4109
7901517,7765,11240
8749573,3656,4861
5740167,2382,6204
8303442,2792,6127
7453518,4676,5620
1607344,9072,9147
8762215,5423,7766
5752186,3533,4579
3530278,1983,6103
5274252,1972,2505
8054534,6586,7122
8728675,3593,4709
6982536,7829,8731
6594819,6151,9470
4534662,48,3710
5741137,2712,7577
7768913,2263,2697
3039757,6286,10422
8979956,9681,12383
9261408,1947,3163
4850303,7237,10783
9353464,394,4486
2830374,7428,11833
4202216,3948,5526
5660774,6215,7469
4930354,1494,1559
2674102,3210,6386
1216593,2846,3249
9577963,1157,5712
1378932,7982,9312
2413524,7393,8738
9999681,3183,7774
7997095,923,3942
1726601,6708,7930
2159870,6562,10834
2017448,5121,5448
1204898,9765,10039
5060221,574,3149
7442772,5530,10168
3235263,994,5938
9239087,2706,4472
5860831,1439,2579
2167368,7141,7145
6534900,8575,11666
1572767,6929,7438
1713451,7968,9845
8607041,7154,9693
9001382,7492,9496
7038818,7651,8828
9569903,6916,10047
7143761,3317,3766
4861066,7576,10150
2016212,3664,7734
3103460,7488,9374
4221044,1345,1518
4248772,8317,12638
4122600,6587,9980
5638780,796,3315
1535107,8338,8846
8657800,8681,9748
5048721,5485,7578
6461572,8782,8839
9308620,5297,8061
6512339,4270,6962
3587600,6116,8626
3048875,4700,9621
4296952,3021,7320
8097907,7623,12405
2402686,9325,13694
7326516,5985,9799
6186094,9015,10036
5428784,2872,7402
8441812,7445,12065
7355866,6791,8581
5147985,453,4171
2511144,3593,4804
2512815,3771,7605
7741586,6957,8422
7643229,8427,11548
4154969,6492,10221
4330202,6791,11004
6924869,2791,4123
2827627,1834,6313
1986345,1674,4006
4767084,7180,11802
7569611,7286,7409
3605449,8646,9082
2119393,6969,8309
9278111,819,1220
4777208,119,3309
3229091,1913,6203
6918651,7307,8664
7736902,7213,9306
4939442,6616,10497
3195513,3987,8741
2627991,6811,9702
7806954,7677,9330
7728478,3502,6195
6577303,9066,13749
6436598,6216,9848
4317141,5406,8895
7943449,6597,10585
6475598,3974,4771
4385137,7865,8391
2821031,667,1418
3443691,4387,9053
8655952,8246,10336
2219889,3026,3404
3728126,4075,6637
6477570,6535,9077
9906142,8589,11738
8907837,8604,8926
2147053,1198,1774
3995158,6420,10863
5604412,3815,5400
1660709,2202,4440
3406147,9724,13571
5482146,8156,11178
3396933,654,5398
9915182,9224,12631
1391781,930,5703
3397351,8602,9019
1135000,9841,14561
4618817,8850,13480
7375986,3158,3568
7793636,9869,10908
8752159,7986,10879
7993944,1489,5513
9658135,4872,4894
9967943,7162,10242
7285346,7102,7245
3208285,1232,4780
9819675,9068,11107
9672331,3170,3477
4353546,2583,6400
2878214,5956,9893
1429574,4609,5697
7413377,1118,1510
9543051,9085,11974
4426347,806,5346
4742031,5328,7816
5280685,2204,2843
3208711,3704,6123
3439943,6543,6942
6149627,5444,9703
9790002,4672,5206
6565834,9416,10585
1332840,6358,6418
8207573,2664,3134
2647062,6593,7371
6229020,7015,9595
3581069,4607,8865
4984664,7315,8413
1539084,3698,4633
9236711,3404,3457
8889533,9754,11630
7829019,803,2336
5280006,9884,10181
8307977,1369,5590
2562820,3470,4685
8503468,3610,6688
3342646,7903,9966
1098356,7071,11183
5489855,4795,6071
9058634,6794,8399
3256449,1567,3771
7740223,826,5033
8706817,448,835
8490810,9915,11766
5478742,1649,5016
4875246,3611,7019
2862289,9160,12662
9172301,578,2145
8794097,245,3088
6343164,6076,10486
2105593,6114,8174
6145916,9939,11607
3404589,1389,1882
1667183,1578,6049
6682539,700,1346
6054525,6412,7473
8753181,1129,4792
9881796,3671,6359
2019228,9518,9607
4942685,1792,3424
9987141,4746,6392
3891420,8734,11957
8812096,8114,11120
3547483,6800,10117
6325109,7665,9055
5330979,8409,10542
2729364,5425,6052
4517160,6929,7779
6549700,2604,6381
9042028,8783,12554
4724659,6068,9747
3439548,2671,3572
8432417,3067,6080
1065803,1915,4222
6541885,6630,9301
4967444,6557,8921
3727245,2127,5589
9865875,9513,10566
5337073,3095,5687
8463128,8583,12053
1454031,593,1605
1115009,4590,7671
7085233,1209,6097
6232277,5816,8709
9616426,4543,5049
7777316,5802,6574
6632277,9355,11686
5115764,614,750
9780184,8092,11330
9659272,7263,12102
8103623,6502,7332
7604450,9494,9609
5968099,9497,10435
6571778,6616,8621
6246994,1113,4731
2618990,4242,5630
2369805,9858,11265
8141586,9156,13280
2939240,7895,10177
7340298,8879,8967
5241180,9825,10494
1968550,2753,7114
4360113,5439,7298
9076540,7886,9075
2850858,7382,10321
3858209,2398,4361
3180400,2084,5134
6441674,3199,4293
6967796,3392,8243
1002173,6842,7084
2847113,3494,8181
6572794,8185,11095
2528644,1168,4612
4262528,4801,6806
2431119,9595,14321
7439941,3134,6666
1269601,9452,11840
6394961,4694,7756
3409934,7272,10052
5031948,6681,9045
3385862,2568,5040
4732238,7678,10572
7515396,1276,2263
5962165,3964,8586
8901392,3223,4362
4003366,3212,3237
6581036,7075,11980
3553735,1307,6143
9570623,7522,7915
9444875,8691,9475
1342556,6684,10390
7570747,5404,7694
5869873,6731,8451
7531221,1302,4836
8299840,1092,5451
3538150,9570,10562
3056422,1949,2233
9474176,5895,9163
4165523,5010,6878
5167833,4993,6892
2402538,7205,10072
1717372,545,1705
7509630,7177,7773
9520511,2735,5812
5031741,6606,8021
1034069,7390,8923
4465701,7471,9083
9756764,6654,7500
1780477,4307,7015
6410276,9265,11251
7802059,8689,10099
1801426,9426,10922
3465166,9709,10818
3209002,8719,13116
1919324,6651,7275
9937350,2854,7180
5634706,8929,8941
1737874,3152,3716
5862039,3042,4428
6908074,4306,9202
6979112,6442,9089
7297763,3201,5571
3083275,4447,9077
6365542,7301,7758
3450643,1620,3284
1372588,3329,5811
9617878,3703,6435
6042902,3839,7289
5466260,7256,11892
1327542,6406,8776
6074784,5976,6394
7816205,398,628
2151597,6729,8764
4351641,5322,7146
1922761,307,2933
9761520,7668,11219
9158218,7817,10703
7280419,2943,7204
9665016,8407,12310
9067261,7003,9307
3289712,3111,3727
7590203,6516,7569
8013771,6019,6780
1780299,306,3890
4280966,2887,3390
3872611,3914,4407
8716265,4739,5634
8796622,4118,4842
3856470,6451,10001
1085749,9924,14504
1416048,4725,6345
4753987,1388,4978
8306407,3337,3792
1751786,9220,9893
7451926,6777,10978
2368467,7117,9039
6259685,6150,8128
6168215,1716,2997
2391771,3045,6002
8707646,6368,8011
2704115,4327,5223
4372740,9020,13611
1912168,6965,7864
3879348,623,2083
7628215,6615,6766
8253985,4616,6120
5180065,5226,6585
4675437,4075,6620
5423862,6058,7064
7502578,728,2963
2000513,1686,5899
9967891,5157,7613
2269585,6395,11163
2181675,5781,6553
6654909,5611,7075
6678279,5588,10352
3235544,8483,10335
8628598,6096,8941
8617708,1596,1783
3692934,1649,3194
1499584,7890,8553
2677320,2772,4625
5344679,4007,6570
2925623,623,3582
6370424,8074,12265
2434731,3159,8049
6926237,3480,6794
3588581,4711,7435
1979156,7988,10445
4903803,2477,2758
4011779,4195,6287
3013348,9082,12940
6491249,1678,2314
4501601,3441,8427
9584961,2849,2947
8590664,8852,12550
9539383,8259,12933
4094074,845,5600
5293967,4450,6284
6715933,3265,4422
1685654,3595,6832
1894717,5676,6064
9461930,2370,2944
9202569,1851,4900
7026927,1718,2140
1029357,1788,2661
9615529,3474,7720
4904438,887,3899
1766654,9778,10578
2467307,6859,8572
6802480,8436,12817
2716404,729,1240
5280064,8658,12104
1341440,2696,3966
5014406,2277,2748
5167850,177,1680
3932561,5056,9029
6943895,93,3604
4119977,6634,11201
8481732,6707,10277
5115702,7957,11879
1389938,2286,3016
7843236,3518,5105
8440383,6079,8458
9689648,5207,9519
4490729,8082,10604
7953096,1997,6738
2386103,581,2199
9728179,7209,10407
6354991,2502,4475
5195802,3082,3856
8429431,151,4736
6686090,147,3211
7352492,456,4427
2236509,5498,9236
3867221,766,2295
3489231,2073,6057
8979863,6940,10719
7095544,8852,12499
2474824,5446,7447
3910330,2531,7324
9207613,4459,9271
9626029,4571,6915
8278050,6302,9937
3593033,5595,6689
9455795,2376,6869
3802887,436,505
1099200,6090,6604
4707673,7404,10177
6032660,8810,10535
9034755,1172,4939
3152544,3790,6900
8395240,4892,7932
7964208,6829,9242
5851377,900,4209
6024410,3008,4163
7032926,8903,13309
4121478,6757,9645
7399792,9100,9541
3062731,5736,9773
2264718,5649,6769
6159245,6900,11265
1279347,5241,7131
7761001,2125,3073
7498758,6227,7825
5367609,1849,6149
3557054,5664,7418
2085208,93,1291
9213218,6050,10053
8858580,4057,4656
2942307,2825,7755
2571544,5024,8113
2453571,7631,9165
8765649,4251,8791
1990703,9508,11724
1248468,1749,5633
1667206,7256,8877
7909773,7266,10905
9900289,3224,6323
2821014,7569,11092
8531954,1036,1919
3920051,3507,4505
1373145,5253,10128
4444493,1046,2811
7909645,9785,14621
4160440,5427,7631
4038017,4369,8153
9269609,9792,11659
9058055,1456,6009
6012508,9738,11911
7098260,3777,4530
2724221,8833,12494
6588551,4807,7526
3436657,5102,8549
2268820,4239,7115
9399883,8076,12963
8495747,5273,10141
4492181,9226,13552
1054289,8072,8753
5899402,1567,4315
2175260,7406,12113
1463633,2381,3907
3343518,6959,9098
8191381,122,3463
6344434,4570,7306
1086887,528,4385
8084043,3419,4057
7051911,1743,2159
6231647,2995,7934
5690612,8235,12032
3648488,7636,9337
6254021,7448,10575
3686733,2741,4392
6261728,477,4782
9626165,5113,5219
5437774,9318,13411
9564282,7644,8838
4313190,1479,4054
8787904,1785,6108
5416977,8595,10559
2747095,7845,9197
9003944,4325,4552
1680437,4258,4512
7286804,5818,10007
6687721,6358,6840
4549375,5606,10525
8550975,595,3931
7891371,3027,4907
4332992,7287,11797
8427396,9251,13991
8684772,3784,7318
1107944,6600,6714
6861657,6735,8863
9859918,6266,11099
9160023,6704,7688
4298485,2440,6099
3293692,5623,7975
1028233,9039,12072
6631113,5791,6971
2731004,8094,9900
1717889,8051,9651
3243150,1546,5161
8149236,6561,8333
4266238,7525,11847
3952931,1423,6095
5157216,8779,9310
5683404,9205,10358
4128561,3872,4187
2919430,7964,8507
1244762,1345,5841
5639812,4873,9196
5673930,3176,3701
5194461,7035,10603
3354075,4964,7198
8599344,3120,6310
7355395,4766,8934
4624844,5030,7745
3442431,5134,7802
7005747,2944,7306
8498451,1330,6228
7941952,5302,6414
5432910,5742,8177
3355900,2073,6129
6950434,853,1236
1470048,9535,14280
7284500,2681,5238
4705181,334,966
6387378,7929,9001
3093841,149,4993
4805809,5174,5590
5244757,5793,7070
7637618,5131,9799
1689402,2995,6133
7912714,3725,7596
4236924,2060,3523
4477496,1815,2344
8907633,596,4729
3275479,2742,7111
5680043,4303,7545
7427817,7688,12403
2140268,4508,4935
7061853,8396,9870
4378543,7316,12135
7482703,6481,10074
6750873,392,2908
4929702,9783,11051
9064147,4797,9059
9675030,8162,12964
8712927,5702,8105
5036431,7419,8677
4115475,8548,12632
3384771,1556,3647
8357126,1371,5319
4337591,9805,13652
4595017,1356,5511
5654739,5525,8753
2525805,1712,5113
7377696,8751,12954
4751694,2366,5249
3619851,1341,1401
2237496,6174,10096
8210260,3563,6043
1585719,5087,6200
6599791,8487,13450
1382941,5101,6842
5722373,2092,4440
9497763,3857,4566
7048070,3871,6500
9017927,8324,10704
7922816,5108,7178
2631481,4031,8498
4922146,8503,8842
5366210,5180,6682
6480833,7857,8127
2161835,9249,12662
3888235,5139,5450
1585022,617,5331
8248140,7666,7743
7540681,835,1149
8389279,9942,10054
7911825,6,3384
2980375,8119,11727
7800903,2399,4041
6450590,5463,7870
2200209,1267,3530
9550942,6031,8052
2223376,5219,9808
6648602,291,2424
1089250,5567,9866
6592200,6245,11148
8232039,8006,10863
7322915,9243,13993
4883628,6723,8817
6965542,7529,8578
5759375,9655,13871
4651154,6931,7194
8074307,8662,13643
1611759,3282,3932
2354108,6812,8024
7629069,1120,5333
7536758,6101,8490
8551044,7566,8455
6645840,2548,3416
6301361,786,3946
9394982,8312,11881
6011725,1341,6147
7092686,7059,9321
3128456,9717,11183
2491144,2247,5055
3332372,9485,9888
4752834,8860,12117
3606482,1260,5307
7337728,6547,10341
2126003,6976,11958
6587177,3714,4432
7819067,320,3347
8460797,7233,7844
1665700,9433,11141
2371184,5063,8770
4012119,461,2217
5325946,1008,3341
3277113,6232,9443
6859844,3233,7494
3548701,2248,6321
2928430,8326,13121
3833419,1332,4442
7757513,3267,6412
7583205,8525,12193
5327996,2823,4957
3586230,5886,8995
6421407,8736,11148
7681544,4210,7053
8996777,7176,10336
8742864,7005,8208
8540063,9016,11820
2340710,8338,12216
2426038,9923,14534
1606485,2730,4273
3876586,7500,10808
9586047,8025,11455
8385589,5005,8170
8978171,57,1447
4603725,8260,9673
2069773,1571,2339
7104647,7574,8456
1779055,4918,7124
7375205,6514,6898
4114857,2101,6529
1049970,1283,2482
3246419,7785,12421
2003102,7840,7959
2261349,312,3847
4574638,8715,10706
2912709,1502,5190
7981070,5208,6386
9282620,5006,7291
4294288,655,2010
6852399,5753,7055
3511136,4398,8207
8157539,3690,4715
9619740,3317,7225
9382122,6510,10342
5223863,2830,6237
8369681,4092,5780
2442151,7660,12288
9982329,8879,13240
8080476,7928,11583
1909614,9337,13668
9575937,3035,6051
4267940,2074,4735
9304219,2772,4860
7523719,3342,3824
5936021,5906,8871
9923351,3036,3876
1024648,9752,13033
2751592,5884,8861
1444622,3472,6124
3401646,4263,8027
6486511,3900,4285
2272382,6739,9199
8076379,7140,9988
3241559,2867,6446
7982636,4585,7057
7956476,8701,9189
6161148,6918,7461
6679459,2675,4490
4774832,4102,5979
7367505,193,1760
1996339,8626,13290
8154366,4107,8627
1119926,7466,10509
6129147,2484,5031
7819840,652,2859
4547046,3127,7197
1174245,8896,11667
5066519,2750,6556
9979448,661,1940
3710213,1751,4082
6757195,8543,10266
6439252,3158,6137
4875974,103,2190
6701622,531,3076
7712774,2980,6611
4906160,7762,11110
9807427,2927,5937
5266837,981,4037
7295491,5296,6855
5247207,1359,4461
5765118,2877,6143
3076473,422,1475
9852595,4880,8835
5024364,1976,3907
5726204,5473,9680
3330020,8811,10018
5446119,3085,5964
5128554,5781,9555
2327843,2080,6875
2503956,5473,7438
7879647,4349,8902
7200590,2288,5061
1708591,5317,8004
8851582,2462,5028
4901791,3729,4765
2017589,2273,3271
9057289,1215,2065
3571486,3431,5509
7582183,683,1448
4479724,2115,5013
7003039,7864,12675
9707859,8302,9938
4106101,4977,9223
9658759,9376,13788
9740585,7687,10975
4457920,1216,5564
9344437,1149,2929
2219877,954,1918
5285297,1478,6366
9007811,3015,7727
5589321,5213,9454
3847402,6887,9518
4910535,5129,5852
7787051,3123,7547
2155477,4651,7148
6291851,1703,4925
1874037,6521,7848
4517853,4139,8645
7343512,894,983
2847155,5348,7931
6994524,1514,5207
3671945,9612,13166
4505354,5495,9242
3143674,5436,8822
7851583,1427,2295
6778066,9222,12661
1171868,8378,9688
5311120,1410,3351
4904385,3097,6608
4425853,3109,7889
1333197,15,3278
7842840,4114,4136
1546029,2139,4850
9997665,5536,6791
9539654,4397,8703
1586996,4396,7307
5105311,127,3841
6425754,6865,10160
2837628,680,2781
5616753,8146,11212
6824711,1344,2263
9855120,1829,2663
8978003,9837,11201
6140028,5963,6198
6750097,4471,5601
6783028,3098,6304
9061304,9365,12436
8247235,1032,2946
2270626,1111,4524
7405974,7543,9928
1340411,7987,10711
4563841,2459,4537
2911149,6194,8465
8044287,3639,5165
6619551,949,1498
1999914,286,4878
1878225,9827,13601
8627422,9230,10487
4324287,7212,12145
3235427,8171,8878
8164372,9857,12640
6382763,6130,10733
9384406,5178,7243
2303974,9129,11453
9341377,7754,10638
2579032,7332,9209
9701920,86,2101
3732537,8696,12712
1778115,5046,5717
5384556,5291,7224
6977406,7209,7432
3102599,9303,9828
5006539,8077,8478
6635498,4209,8479
7929333,9735,13972
1096324,6473,9083
3448259,8096,8399
2984446,7034,8853
2478157,4367,8375
4132093,6617,8191
9278015,1811,4847
5828076,5676,10128
8321461,6981,9788
7761301,4393,6680
1600029,2393,3022
2417957,9161,10058
1954363,2906,3630
6839365,3145,7601
4856205,2639,6506
4161008,1422,2608
6775577,4394,7947
8767228,2874,5892
3016672,5396,9616
5775870,9897,10636
4391127,5728,8773
4935643,2476,4638
7983110,9676,10317
9108787,7875,10258
1750328,4901,8774
3309772,534,4771
3548179,5899,8423
7383892,1860,2221
5790116,6250,8004
7595937,9525,13769
5045328,2968,4751
9337809,8839,13295
2456957,8187,12534
4980025,758,1160
2971124,9034,10634
7756230,6545,7438
9806569,97,4795
3319850,6717,8417
2747291,5666,8543
8874503,2249,5288
7657335,588,3235
6386774,77,1933
6320635,2564,4032
4338138,7412,8555
1654353,9754,14571
3342976,6132,8142
1892007,5957,10701
2055772,7764,12234
9143744,6488,9481
2531757,2117,5294
6849587,3871,7379
2632286,4088,8321
5603766,6517,7759
6691555,4689,6048
6784987,9166,13943
2214794,2069,2280
3183288,5439,8591
6220801,3309,7640
7194902,9384,12555
3008012,8367,11723
4774560,4772,5650
8701033,1403,5679
2687344,1639,2164
9940815,8735,10684
5270245,326,3090
9941667,4112,6121
6864431,5159,5697
8441197,501,5153
9665056,5611,8005
6297413,2981,6929
5247406,5795,7701
4140877,4666,7124
5099150,6638,8947
2661140,3128,5405
6756611,8673,11659
3588613,9471,10208
1232078,7499,7506
4903089,163,4493
8024204,9960,13567
7878757,1831,3138
6620631,6552,7880
9274734,5111,8106
2405176,8046,9046
2853165,95,3710
9010787,156,3736
3104229,3003,5528
8612631,6556,9316
1808668,722,1131
7890098,4326,6949
2570448,6096,8901
7653664,9639,12007
5482085,4690,8033
3711718,7336,8041
3502061,8273,9060
1357879,9015,11959
2840128,7078,10490
4100443,3068,7323
7618139,2621,5951
4568734,1271,5678
4875863,2589,3141
7329301,5740,7023
5357411,5349,6673
1573397,4087,4926
7631640,9579,13118
5047817,4027,8672
4358902,7221,11263
4562056,8422,8780
7235359,5854,10161
6209626,7456,10389
7910688,2014,5242
9654731,4100,6185
5012429,5809,6406
2513732,721,1038
2796005,3316,3644
6020572,4151,4545
9610011,4521,9317
9010532,1590,2063
9487065,543,3422
3124244,9006,9366
9490545,6833,9883
8866433,9335,9596
9921158,1451,2002
1582444,9648,11922
7266616,7529,8848
4140895,7658,11447
5398174,2409,2490
7723087,6008,8301
9249145,8700,10900
9783187,7094,11578
3230432,4070,8174
3143832,6462,8540
5781455,627,5569
1602915,3548,3661
1898406,9993,10186
7607398,9784,14718
6560541,3037,3532
6436035,3638,7135
3946324,5014,7693
6526530,1794,3660
6693343,5626,9206
4848870,1403,5724
1628652,7233,7799
7092035,5565,8604
5749655,8273,13251
5254029,6842,8230
7953543,4216,5285
6083069,1050,1570
9860564,6204,10339
3199475,5454,9855
5315567,987,5911
7400236,285,3933
7307367,6386,8170
6476989,6755,10862
1097522,1740,2668
9399027,5664,6302
2993298,982,5369
7296905,5707,6840
6328432,9452,12250
7977388,7610,11679
8008383,6012,9284
7900376,4017,4276
1382181,4954,5794
3341729,9336,11669
9300297,6937,9017
4266492,9161,13659
6087957,2759,5064
7632500,9243,9835
4487685,60,1662
2312336,9168,12077
5671982,8505,8660
9722101,5476,10025
5844016,9692,11930
6406088,1467,6253
4824006,6051,9724
8602243,9573,13267
8099951,7294,11283
9825449,6724,7555
6489103,5239,9834
2442199,3010,6629
7478934,654,817
7954035,1769,4157
6346486,6453,8617
1334041,3897,5080
8845860,118,401
7830770,3829,8438
1851159,7315,8531
8418656,2884,7204
6646071,3905,8425
5047927,5654,8514
3137305,8188,10479
1210375,5439,5706
5758841,2855,7352
5699795,8502,12813
9127651,1421,5143
1513120,1737,3221
6898503,6528,8320
2698564,350,877
9184564,7133,11492
9444045,8763,9827
8246605,2063,3908
3081722,4289,8255
8771175,8126,12031
5385548,3921,4195
8932073,5593,10056
9065330,4293,6717
5432987,4108,8671
6876385,1858,2960
9914914,8612,8802
8986429,6265,10085
6971185,6408,7511
4972393,2740,3145
7497900,3689,7107
8690009,2532,3678
8793014,4032,8312
6559624,1712,5322
1381706,1352,4217
4952195,3914,8045
3967675,6743,7221
6519250,1583,4107
9167583,7461,11667
1776972,3178,6446
9273247,772,1961
6163511,8599,11015
4071468,452,2291
4828560,2823,3939
6035617,1601,3837
5193833,3786,8408
1175669,7450,9142
3677178,6350,10132
9643055,8053,11539
3098751,4974,6404
2668666,9302,10495
5450467,6533,9622
7512718,5869,6936
9153848,890,4444
9474984,7902,10719
7015331,635,3461
8780274,7459,8557
7497294,3075,4022
7808152,4043,4669
8749852,9239,11733
1978371,5302,6315
4707250,3034,4593
6229528,2527,4293
9924169,1300,2818
2676400,608,5367
4988159,6770,7784
3593313,2532,3494
3444585,6276,9849
8676859,5727,7994
8383516,6353,8002
6608468,3396,7121
6652576,1278,3013
4801610,5356,5454
4007243,1017,2746
3268824,7270,9619
8014623,3944,8596
7142676,9949,13904
1190281,7938,10649
9725607,8106,11880
3579628,5661,7528
2781034,2336,3995
4885744,1717,4372
8501693,8893,13080
3252511,5773,9134
7549336,1901,2544
5832356,3918,7752
6940833,8747,9040
3423596,1891,4241
2031024,3761,6195
6639128,7251,9376
4037931,4371,5609
7772423,9272,10696
8198491,7140,8021
4799033,1288,3659
4480181,3967,7676
7962446,2055,5871
4424865,9044,11448
2444745,8799,10030
1225481,5832,8066
1977742,9949,11848
6275996,275,750
2349096,4046,5146
3690641,5764,7289
4652389,2956,5757
9961967,4980,8341
9882760,8232,10614
9511348,4151,5223
1680469,6431,9145
3838369,8104,10370
5799261,5135,8616
7697334,6681,11074
3884513,7484,8943
4400561,4202,7771
8890205,9301,10271
3157681,6162,9864
3568467,7539,10914
7958183,3440,6767
2153011,7530,7731
3109034,9502,12557
7778639,2943,4837
9352431,2622,5563
1242660,4553,7234
8036251,5701,8452
7630208,4341,6609
5666199,3942,7803
7146056,2446,5400
1745269,508,2741
4866459,3128,7853
1278159,5995,10287
9850017,3785,6641
7589926,6977,11945
3223207,9347,9432
8249018,3178,3333
5894026,9144,12809
9609658,8989,9105
2927780,994,2581
5983191,9493,11001
9580299,9051,12280
2390047,5506,6141
7897810,7331,11019
5357822,3118,3140
6815733,4285,6129
9776620,9956,13575
4624671,7677,12373
8899349,532,4709
5467872,4461,6772
7430459,1206,5064
4294162,7395,11420
6866716,294,2970
5960171,6310,10750
4620509,5460,5739
1643095,3212,7603
9592061,5998,10583
6441563,9513,12971
6147327,9609,12613
2595086,3896,6483
9363777,2196,5909
5614261,7306,8914
3945185,2358,3430
3097729,6764,11356
5179896,9647,10269
3452406,9273,10680
5575019,6313,10250
7930662,8480,9393
1493287,3423,7590
2991389,5579,5932
4856495,2071,3978
3119448,1630,5854
2854158,980,4422
9564421,5830,8355
9794846,10000,10789
2543764,1963,6138
7655831,1578,6545
1832677,5187,7127
1818303,3711,8049
5178787,2119,3651
6978090,8869,11054
3887794,8687,12203
1952941,8363,11986
9733875,5724,6770
1016312,9150,10194
7850458,8484,11456
7986780,4191,6149
4611664,1268,2746
9902823,163,4916
1043996,9674,14483
4367197,9962,10505
8794066,7342,7886
2244784,8452,10531
4460648,1684,3556
3184280,1679,5031
2265412,8579,9053
1284820,3761,4220
3437705,6435,9717
9968950,6797,11654
8948011,4888,7738
7277095,7010,8721
3285712,486,2760
9418518,5364,7317
5591983,695,1627
6235372,3584,5685
3581823,9796,11155
6815047,1223,3195
4869876,5062,5610
5593717,2996,6005
4229301,7164,11811
9675393,7671,12337
1540485,7293,9192
5130065,6524,7269
8803702,1719,6602
4949068,3786,8288
5239620,3132,4487
6316339,6717,7575
2662215,5176,8175
2045779,5330,8066
7748374,4018,6372
4457052,7908,10530
5882935,2550,4189
2624314,4656,5483
7771857,2323,4112
8023293,5594,9016
7984391,7228,12103
3628383,5878,7090
9907284,2373,5819
2727210,9042,13745
1534219,7199,7476
3037513,7537,11931
7971410,5268,5282
1770725,531,4689
9609504,327,3475
4742101,1024,4104
5935734,1081,2790
1968277,3551,5582
3830682,9245,13503
5861952,8357,11064
1588828,2309,6097
1647088,7212,10473
9261069,8161,13146
7328822,4461,4695
1666265,1288,3027
4704945,3609,4979
7652546,730,3482
9547422,9246,11336
6090683,1035,3037
3936682,1451,5871
6028896,6705,8281
3759708,5784,10184
5511401,2287,5580
8580466,9203,10023
5695962,9175,14012
3281524,9408,10064
5502387,413,2037
8765755,5968,9558
6745196,3106,6388
6962795,2784,3983
1552423,6563,11252
9319836,5922,6303
2936507,9886,10433
8045094,8644,13416
4457423,7958,9538
6034817,8964,13832
6623213,9066,9591
6005503,1158,2587
7131171,975,4484
2225649,2989,5098
1046580,9356,14320
7422097,2367,4518
8854597,9363,11089
4722206,3126,6907
5809483,3036,3046
6341003,8959,10003
6437969,3526,6771
9057781,1282,2434
8944386,142,2207
7437100,8083,11252
2498926,2148,4323
7261274,2472,7094
1071138,6431,10385
7491281,6790,10503
9383792,3499,8356
6866253,7318,8623
8269382,4446,5830
7228298,8666,10080
8682487,1181,4879
3790041,8207,9579
6160225,2525,4526
3433131,4795,7217
5070127,5041,7448
9983705,6305,7830
9760153,6063,8818
4062725,9644,14286
2464148,2013,5184
1993689,2570,3530
1629616,9353,9531
7339441,9419,12971
8749345,8936,13839
3536057,9228,12078
3990113,7034,9961
4635173,4890,7079
2641281,802,4212
4579750,6582,9297
2587596,9030,10587
6417207,7266,7280
4139569,7202,12109
3513374,7186,7793
4761108,9152,13802
4942101,3186,5532
3573481,256,3775
5953125,8862,10710
9530051,7982,10710
7711855,1663,5481
8052445,3392,6422
2285961,6314,7386
4303173,9488,13735
1417710,5085,6565
4381679,3154,6437
4290963,9398,11709
4111172,8680,8874
3155338,1685,5559
9168655,1781,2265
2404042,5585,9615
5548616,1684,6254
5569566,5451,7465
2998445,801,3995
9431797,1186,5056
4225901,7647,9469
8981742,4239,6065
2736591,9658,14416
4003948,8339,8518
1884083,704,4145
6070858,4031,6292
3796219,2941,3869
2911006,6174,9114
4231520,6334,7839
1160365,5835,10287
2762006,3021,3477
6183920,5266,6655
5009010,4959,8692
3325287,7574,7796
6452387,3312,7410
2634366,4324,5591
3913123,3171,4158
1490029,8060,10512
7711013,6044,9750
9623364,473,1187
3075714,3370,7096
7475306,685,5417
6820159,434,916
6235567,3537,4428
2300402,3558,7277
9876030,2102,3480
3283359,7335,8686
9448097,4895,7332
6447815,7363,9707
4918739,9558,13998
7568034,7455,11641
7524131,1417,6198
7244739,5339,5422
6516395,7542,10736
1904015,4840,8549
2092728,9409,14111
9219630,5018,6839
7491205,5350,7344
7539863,1589,2346
2886948,420,2009
7190802,7547,12264
9063452,2019,6550
3665381,1477,3960
3953845,316,1425
1366339,5592,7828
3133831,302,484
7698149,1680,1720
2920192,3922,5974
1111726,5689,8695
4757006,9052,10829
8746669,473,4557
4224237,3059,4760
3626605,2730,5124
6583134,362,2600
6160215,240,2205
5922593,5844,10792
9825405,5604,10452
4281942,8849,10925
9768176,5895,10388
2108372,7907,8174
5885131,3506,6059
5945088,6267,7816
6803418,2137,3841
6508572,8696,12070
5753263,1114,3493
8289486,1184,6046
9638159,3485,6662
4233287,6870,8915
4970873,2038,5995
4514188,1027,3859
7075000,5651,7632
2382942,8820,11088
6395044,7912,10074
3292861,9573,14123
3973929,5140,6618
8175316,2313,5491
6460713,109,4986
8302972,4707,4899
1645165,7685,10972
9949211,2886,4013
3964521,3406,6515
3253810,2684,2906
9387481,2752,3829
2457487,7691,9951
5585522,4079,8730
2830427,6655,10526
2683880,4267,9225
1177899,885,4668
8379769,7953,12677
5792372,7776,12314
9763886,4332,8949
3710449,2805,3680
2943138,4062,5178
9000307,1011,2939
7006866,8018,10343
6478702,5228,6324
7665762,6097,9354
3114247,5542,6339
3620622,4835,9407
2101820,2471,5298
8160191,6285,7552
6456223,293,457
9699177,8480,9633
9229985,9204,12427
2190644,2390,4093
4973751,1479,1855
7243613,7423,12288
9835569,3000,6913
8536373,6786,10721
4015629,6690,10322
9949829,2564,7405
7689284,3232,5256
9033061,4177,6991
4733361,7514,7929
1238320,9510,10414
4905815,4670,7874
7583057,2962,7733
1984616,3418,4899
8486882,6664,9534
4741174,5375,6163
5894259,8875,11023
9531677,3073,6796
8159051,9345,13389
4151417,9233,13976
7591851,2821,6495
5503586,3675,8034
4462693,3220,7405
1479480,1864,5300
4000065,1598,3112
5866493,5849,9915
8801521,8400,13151
7865595,9760,11576
2891054,139,2543
8385537,1690,3188
3640510,5135,9714
1391231,691,735
5142364,5047,5687
7019633,8046,11404
8719501,4864,7265
9492460,8846,11604
1109154,2474,5507
1461154,6912,7618
5537936,9979,14242
3996075,7037,10164
8672491,3097,5038
1067023,5979,9835
2349017,9133,13504
1706941,2153,3385
7747072,8958,9506
3036724,9015,10579
5142858,9698,10294
4258228,368,4236
7384412,6047,10334
7918133,2479,5335
7429912,8920,12734
6861049,6253,9422
1163520,3961,8385
7483124,6011,6849
1243887,5843,9603
4114697,2118,4382
4776348,7993,12884
1459199,1822,4568
5222234,322,1657
1445541,5690,8998
4835007,6835,8353
9584057,7388,8295
5817913,3377,5404
1235024,5326,6989
9045321,7532,12528
7852969,4423,4547
4561056,9434,10980
5425831,9493,11080
5418729,116,4958
5213707,8949,11335
1993478,8370,11292
1670226,4151,8451
3118456,5200,6412
5315979,6563,8717
1980595,8934,10088
8681094,473,2260
4231649,2326,4811
6315436,5014,6393
5738469,5929,7706
1696049,4767,9343
8901513,1796,2165
4631688,7014,9873
1034292,3015,6981
3073407,525,1709
8860081,1025,3649
5986939,4480,6413
7233548,7554,10451
8001438,5747,8579
1508148,8410,8540
7571637,4055,8005
3127427,904,2851
9231228,7485,10387
6462070,6894,11483
4007802,1348,4353
6546628,485,2457
7104458,2206,5154
1915741,231,1547
5129478,3196,3373
8635947,8405,10030
4762518,6173,6478
8289241,906,5386
1334077,2900,7627
5452667,6260,7110
4602449,7330,11362
4032336,5437,6312
2518926,3323,8249
6252177,3199,4368
4690963,7446,11350
4044032,4442,6898
3214908,8062,10829
4730020,6336,8033
1259276,9263,11661
9350927,5577,10115
9783028,5902,6933
1254704,5260,10109
1130620,3973,6218
2275302,9838,14594
1039223,1202,3733
5653156,9994,13513
4257915,8026,9835
2245646,4728,7856
5661922,8164,12897
1904105,1420,5299
4834080,2123,6005
1311057,6353,11127
6846023,7696,11408
9786724,7716,12402
2679752,5515,8663
9838062,8496,11524
6228396,5890,10209
9791122,6772,8197
8878671,6287,11133
2960308,3091,6942
9579736,4517,4731
2729251,1380,5208
4602043,2958,7064
1589015,6660,10105
7233648,3574,4375
3456021,7483,11562
5258490,7604,10984
6325333,6515,10998
7898383,2517,6678
3229462,7978,10056
2986326,1019,5229
4201050,1225,6069
2606762,6923,10916
4233570,4402,9317
3080389,127,2072
3336308,3454,8155
1524546,7038,10390
8961099,2355,4626
7417497,1027,4769
5763452,6358,10719
3170093,8507,9642
4834269,3963,4518
5704148,5493,9155
2370306,2711,7385
4803496,1797,2783
7614489,8415,10584
8296589,40,2879
6287561,8119,8809
4359032,1732,5314
9828236,2535,7002
7406495,8622,11959
7693658,7487,11172
7567690,5546,8521
5340480,3207,3296
1700350,8286,9588
2593614,840,2086
3397568,816,3310
2270517,7637,12141
3177924,1097,5467
4930163,4412,7971
1058729,9020,11173
8715362,1230,3318
2219784,9543,11326
6774882,7765,7872
8799028,6073,8906
8903219,1730,3633
6161785,7643,11870
3787839,8498,13236
2231845,8283,11882
8806297,3388,6357
4569518,8848,9494
7920080,5237,7367
9008454,2049,6374
7559912,3161,7832
8200801,9727,14214
3102865,9492,10537
9623958,4516,8294
9240339,8880,12405
8472638,8733,12454
8378924,9477,11932
4246350,9407,11756
4561998,1660,5106
4287757,3005,6732
6766560,5911,8222
2905750,6582,7573
8647882,8305,9061
5984567,1493,4385
1659674,3199,3613
5334314,2749,5918
3528107,7504,8840
7985469,950,4709
6669930,1994,2732
9392848,5228,6199
6956922,8822,8926
5671706,1218,5262
7626666,3756,4763
1482540,278,2657
2142626,3774,8120
5438622,8175,12214
5774456,3389,6717
7627454,1863,2416
8759033,8160,8324
5275394,9503,12770
3643404,5637,7092
1942438,7223,9789
4658000,3341,4249
9427481,2701,5666
3969176,2178,7099
5984626,3722,8007
1453006,4637,9029
8884134,6109,8070
2606504,150,4588
8835651,5317,7402
4608550,3035,3841
9470307,2095,2866
9582755,5269,8262
6504808,776,1836
9720663,8680,10285
4869055,3285,5545
7412671,9146,12519
7035152,7575,10102
7128489,4762,8443
7588063,1401,1863
3003624,4728,7829
3039077,3794,4015
3946560,2540,5113
5117052,5369,6149
6040906,2736,6301
4634798,2300,5238
8748066,9259,13366
4383398,3660,6620
3946073,2012,5441
5233567,8625,13578
8859461,4740,7144
3608307,3415,7636
3293228,9644,14565
2616509,6165,6835
5608691,4275,8314
4890387,6265,9643
2982817,2062,2788
9851380,3810,7370
6857995,1013,1848
6702010,4148,7651
9731396,9793,11133
6200969,2244,2691
3246408,8441,12778
8336126,8021,10665
3459829,5376,8229
3869531,5652,8713
6139171,9109,13235
9951751,350,2786
9081313,5608,10377
6408769,8123,9857
5727258,1482,6196
6157592,963,1667
9074867,5888,8480
5726834,5829,7130
3045140,8870,11135
2271842,3335,6509
4830247,6721,8592
5015066,1851,6688
1121180,3131,6097
3068035,9677,12907
9174252,6235,9305
6570761,5266,5592
5444637,1226,5019
4227434,1082,4774
7357545,2066,5781
5611054,3329,4463
9709015,9356,12058
3018314,8986,11213
8920486,86,3034
7619446,9555,12072
6997037,6582,9928
8737554,7935,9601
2632378,1490,5171
1055666,4675,7186
3462684,8811,9346
9432113,3148,7640
6363942,4150,7585
9768102,7688,9549
6053466,6457,8147
9205901,3848,7778
1980704,8673,12724
8812640,902,1834
6914905,6112,7323
3747568,9045,12708
9585453,2662,4990
2536919,5052,7286
1476408,5197,8507
3591120,2440,2833
9524462,2718,5673
5808900,438,863
4216721,4301,8057
4842621,3040,7387
2457914,8186,11987
1634735,5065,8236
6653255,5498,7845
5892750,6676,8119
6899203,6520,7491
6876752,5122,5612
7791105,2453,7333
2420281,2604,4588
5714102,5157,5764
5583835,9763,10185
5782561,4100,9051
1498900,5803,6268
6053308,3736,6261
4058973,7614,11802
1010065,5295,6870
7856412,9598,10071
1762079,9855,10599
8305302,5569,6427
7426057,3614,7801
5333254,6089,6237
6345010,6,1624
8154333,632,781
3674049,7505,10521
5641645,7000,10407
5097692,7486,11773
2594688,3141,6152
2140322,1381,4855
9018577,1673,2083
4597074,5302,9412
9121585,7602,12151
9258396,8182,9435
7292344,7313,10502
1273704,8340,11526
6120391,1343,5150
3721719,6560,10645
3250485,1328,2134
3696627,3014,6682
4216374,1869,6392
7656728,8471,10361
4711609,2588,4881
5958744,9695,13908
4663645,5128,5955
4535564,1509,4891
6186149,9235,13532
1477334,631,2187
3513908,5677,6725
9412610,8990,12176
9913311,4383,8238
7573715,7173,9057
3023411,6558,10418
6319582,1919,6393
3496217,8902,9502
6814973,5354,9964
7961448,4897,8326
9003497,8133,8194
9988906,4832,8145
2340664,6559,9782
8688867,1003,3400
5705890,4793,8219
3082831,5614,9246
8926942,448,2745
6296392,5000,8306
5090702,9872,10192
3882527,8780,9456
2236103,7801,8193
1511142,6210,11188
4708811,4937,7929
5396988,2448,4646
8070179,7246,8590
7386538,1733,3777
7782467,3135,7222
4953018,1294,1321
5814500,1961,6767
2377566,1472,3581
1199767,6643,9790
8464759,6951,9754
6718493,717,4071
6124679,2618,5208
3334831,1823,5586
2369995,2854,4875
1739880,7983,12119
6342250,1340,4528
1389009,9027,11020
8500109,868,3650
7699033,7741,12009
5499025,3018,7739
8540220,9729,11493
7310538,9407,14205
8913196,9272,11995
3087785,9309,9569
2811020,3995,8426
6238256,1014,5920
7983449,2327,5888
8855679,3469,4572
8396089,8584,8852
4070939,9338,9802
8136871,3428,6790
8047034,327,1784
2741601,3232,5632
4338881,1439,4980
2890936,9786,11252
5055146,4404,7992
1523887,6866,11296
9157840,3628,4810
5557873,3952,6813
6136686,6951,10519
9049667,7331,11366
1389638,5288,9306
9050352,3885,7234
3928218,5675,6014
7904603,6147,10440
4740212,2872,4707
6322202,6116,10546
6272936,7655,8172
3500520,8153,11807
8372247,3038,4727
7989000,206,5094
2405127,2967,4947
6561908,3525,8343
1145675,9692,13546
6269218,3210,7547
3955365,3126,4526
6359378,6459,11321
1084111,2655,2892
1805096,173,1146
8066994,8443,9814
4458432,7112,11016
6696693,3404,5016
2919640,3243,3375
3280214,8555,9044
7467222,7375,12130
4394357,6262,10305
7613881,4246,7504
5032155,455,1237
8865343,7393,12108
4336820,2534,7091
9923609,2774,7479
1904926,5036,8815
3760541,690,2898
9647711,6830,7288
5813203,7150,9372
5337697,9377,13283
1026661,8345,10792
7668120,9343,9510
3367533,8575,12764
4958473,9674,11233
8155697,2658,4716
8745346,2617,4653
8000152,5730,7788
3637068,4101,4501
8140449,8982,13194
6723177,6992,10207
9707199,3637,7171
7928151,3601,8294
8859492,6818,10562
7895131,2734,6213
1455398,8673,11458
1325252,5926,9286
2302699,8696,12485
2049069,6608,9271
4183825,782,1243
1923602,4894,8248
5714124,8788,10505
7860952,7781,12377
8137932,3296,5737
1609128,3555,6536
8002033,4708,5677
9599701,7395,9673
7468678,4927,9268
3029620,7,2054
4890635,8789,10865
2716828,3201,4011
8130913,6322,7846
2356631,2873,4967
5331537,6761,11741
7754783,555,910
9582838,5314,5737
8865566,6852,9213
2190231,3623,5690
2062040,4022,8364
7883825,5712,8545
4882314,655,4865
8686591,4016,6041
8233547,3856,5412
3457749,918,4227
1367464,440,1908
9804723,4858,7101
5090972,2210,5747
3234092,5047,5135
9404063,3422,4041
1646265,8012,8701
9387122,4695,4705
8125637,3074,6370
6119614,6710,9062
1903239,9446,10027
2760508,2736,6220
6832294,2836,7569
6013467,4279,7486
6051560,9839,11506
2805392,6534,8321
2158938,4129,7642
9746431,407,4631
5758731,4809,9148
4140955,6406,9289
9573201,5552,8199
4996356,4513,7307
1095143,7205,7586
5711669,6761,9319
8117763,2564,5493
4165534,6267,9748
2484620,6568,9383
8412989,9626,13831
5524422,1401,3942
9800545,269,753
7963164,5296,5712
7258826,8473,10665
8249995,7693,12606
9501956,9733,11275
8335568,4644,7234
2304869,9264,13903
6206186,2352,2369
5132228,3711,4191
4797861,2308,3047
6212145,246,4959
3714759,3970,8345
6981366,2429,7203
4360689,1447,5545
1914967,5255,6347
7731967,3324,6452
1652416,5297,8065
8892127,2365,6599
6054712,2074,4084
6875727,5964,7610
2267237,4870,6493
2939790,707,3597
2370970,9598,11005
1308282,1683,4358
9250315,5979,7402
2586387,9310,12957
4103488,1662,1785
2895958,2794,6746
1070557,3728,5986
6382812,607,1280
5766949,2554,5906
6423237,7786,11413
7177140,1838,5982
3156391,1228,2850
2112954,6611,10633
4432825,647,3784
1164840,5498,6176
8548852,4868,5254
6096248,4145,8468
1143207,7510,10031
9682568,7221,10465
5989298,5532,9732
8127754,4340,5052
7488029,1281,4801
1310351,8850,10667
5771583,5111,5581
9854950,8141,11293
4440926,8461,9383
1311093,9471,10460
4039175,8104,12288
7482122,8873,11592
2713458,7078,8190
6714843,5662,7693
4809725,7977,9433
5745425,6772,10918
9181918,1189,3127
2028082,5547,8059
1601019,9349,10504
3292531,3520,7094
5491685,5013,7408
9010385,3089,6018
9014968,9521,12123
6161640,9015,13817
3726965,6306,8630
2771321,4655,9531
8547303,1577,6316
2901302,4931,7527
9394049,9983,14110
5685361,3337,7711
3447129,1034,3064
8339807,660,2698
7949649,8702,10563
6708969,1776,2854
4072577,5953,8650
2234107,3598,4692
1460297,3519,5234
6854132,7438,11875
8461386,5987,9387
5558708,9156,11655
8401838,3420,4184
6038580,2887,7009
9851811,3500,3573
2528504,4978,5648
7537026,2122,3019
1582751,6757,11563
1874108,5388,8966
9025459,1199,2562
9329381,3317,7462
3344441,2386,2624
2681839,3299,6736
9289315,2357,6920
6300838,1972,2076
4694706,9191,11763
3134459,5067,8566
2255650,8282,11734
8247442,8749,8779
8713419,6039,9253
8891605,4508,5006
8689382,5291,5353
8824121,4226,7401
8541969,5426,10336
1319442,5073,9817
4343358,8989,10068
2854937,2059,3624
8249006,1047,2922
3885875,2656,4030
4694097,7738,11353
5940542,2492,5851
1752950,9751,11929
8635681,6847,10742
8817940,8478,13166
6027017,7452,9613
1251364,1309,4326
6378923,7054,8768
2432942,193,4050
5125222,6686,7029
1883083,5495,5659
9040584,3510,4117
9413008,1674,1923
4934888,6621,7754
9945623,1392,5240
5226986,9934,11418
4927041,3965,4169
1031376,1264,1416
3115539,9177,9619
9881492,5129,8196
3334293,1832,4641
4869562,2795,2954
1284837,6631,11477
3183655,9806,11790
9439227,211,4925
1490192,1176,4165
2647869,9493,10518
1132713,653,5201
1178312,2020,4145
6170280,9415,14045
1434823,8202,12607
8751481,7783,11628
1617624,4076,4956
1949713,247,4271
1187640,6578,9535
5046846,1111,3610
5745290,6477,8645
3257757,3935,7178
8919460,2959,7573
7927978,7918,12258
5063397,6947,6989
4052598,3325,4844
5169127,2440,5346
8381979,374,1491
3026199,2113,6031
3542812,876,1917
2501488,3540,8269
2503934,6136,7580
6099142,6390,9265
2389503,336,2781
6001197,8444,12494
4721897,6029,9502
4989362,8315,13218
7449050,1150,3070
9188330,6258,11013
2475268,1038,5043
4381525,8007,12777
8233772,7623,11831
1422106,9767,11149
7382554,8680,13636
2431653,4440,5508
1696614,1955,3250
5457341,6929,10123
9505908,2116,2899
5575503,6904,10989
7293340,9799,12891
3543164,9739,10296
8560527,235,4062
3814686,5698,9902
2443994,7457,10229
6838240,68,4281
5901628,3217,3275
4542845,5992,8714
8117516,3957,8417
2057926,5723,6126
1121936,9595,10582
4284919,9385,9910
5458337,8554,11137
8273773,8656,13358
2464004,8091,8381
1019550,1271,6246
1288138,8881,10836
8595943,2899,4761
7071831,9437,11746
7794980,1955,2322
3559596,8507,9305
8356673,358,4173
2854297,6747,11427
9822638,9469,13627
8511619,8,169
2920056,5963,7864
5383855,7840,11574
4070660,9529,13921
3054566,4705,8788
5947445,6347,11090
5068917,8590,10871
1503273,4861,5462
3102329,8678,12209
2281805,945,5734
6975126,519,1652
4536570,1641,3083
6600550,7661,9585
7542452,967,2747
5745520,2255,6057
6676658,393,4755
7413125,3701,5215
3705093,918,3241
4427855,6022,9991
9438049,8296,12441
5597640,317,1464
3655604,7007,8304
7237731,2452,6223
8987905,9421,10657
2951649,9030,9094
9263145,1387,4139
9712387,1959,4827
3683723,6472,10077
5453418,1561,2626
6278652,2906,7776
9025487,1300,2946
7419434,9418,14271
7375506,3241,4965
1936868,7203,11970
6810430,246,1737
3909299,4327,8631
6673942,8677,12936
6534609,4613,7624
6412635,6603,9283
9954251,4200,6073
2236822,1119,1949
3476914,2837,5622
7456338,3186,3314
5462119,1241,5167
2589298,701,3886
5136792,5699,10498
7456428,1636,2231
2364306,6798,7596
6246708,6798,10862
5690678,759,1498
5813918,711,3239
2912471,7826,8414
7185620,6617,8721
2309857,8800,9572
5994145,9240,13311
4175953,938,4507
6591038,127,4588
5002850,29,3775
2107267,1607,5934
9120697,8237,12608
5478316,5009,8700
8511323,8973,9327
8616673,3624,5458
4805729,2701,6765
8899430,3162,5560
2244187,3551,6531
5920991,5581,6243
6013914,5659,7388
5395836,7137,7376
4878572,9484,11497
5936185,7592,11199
9252634,3116,5895
7726724,8322,9404
6849399,2821,6335
5352678,8225,12157
5347951,4189,5442
3180122,5724,6942
5051820,7985,8241
4476486,2867,3086
9977044,3714,3952
5752400,5669,9401
8094101,1114,4107
4793240,4348,9126
4394105,958,5485
7285259,7442,12172
9886315,2530,5490
2050603,1029,1476
9610264,3745,6615
8852940,9645,14220
1619687,7014,9622
3902484,9370,13458
9279656,2509,3619
6395043,1275,5933
9709984,8274,13187
5592390,358,3160
5559878,4016,8024
8922965,7477,8504
8595084,5901,6894
1321854,1339,2192
9034771,3175,7640
9794456,2595,5465
6027136,5584,5953
1746550,5418,9338
4872047,6457,10668
4720307,3016,3530
5580069,3000,3825
5193378,7718,9080
1268216,9269,10535
3730300,3233,3356
4691285,669,1394
1474900,9352,10952
5746052,5576,8681
7221658,8596,13119
8927090,8363,8831
9047869,1529,2548
6328595,2264,2685
9301648,5997,7108
8611266,8713,13133
6770289,5574,5813
7524952,8593,9467
6324492,2220,2567
6822152,2259,3652
6893753,8361,9779
3485654,5656,5778
6914030,6916,11663
8981189,3097,5273
6977264,708,2754
6530349,9806,11221
5064128,826,5319
1043937,2806,4118
1984232,4465,6240
6788609,6481,7652
7425979,4612,9146
8734514,210,5178
9019240,8682,11637
3277270,2592,6245
1385629,1528,3846
2740063,474,521
9920091,330,903
5868584,5022,7901
9207199,1806,6017
3014123,8126,12581
6389837,2333,3593
6674671,78,656
3971429,7837,11975
4350683,4684,6555
7831417,8193,9337
7750256,9334,14158
5538804,6770,10507
2262476,3376,3565
4768191,8250,9449
1132149,6685,10846
1723002,1768,6009
7513678,1308,1435
5527348,3242,7577
7209013,6579,6591
4131967,6407,11367
1170593,3111,3129
3969632,6992,9798
6181366,6519,8854
1734266,4746,5848
4452685,6042,9950
2151446,8373,8974
6951522,3238,6009
7875409,6508,10730
3036584,563,5032
1057640,2136,3429
1901534,7237,11362
4867435,8423,9809
6491354,6763,7540
8143930,1008,5378
8965842,5714,8869
8163735,1336,3284
7469371,3111,4896
4042237,4654,5073
6505101,1883,5120
8761254,1805,4837
7326039,8968,9382
3486245,1739,3200
7115618,7258,9935
5585182,5541,9101
2952861,3487,4783
7133516,7858,10909
8743084,6542,10790
1429427,4362,8594
1621786,1383,5841
6806501,1361,3784
1290675,5817,9840
6475903,469,5035
9716498,7656,7854
7812454,8300,11078
1499304,2340,5678
6444823,8540,10346
4818263,7895,8067
2843077,1556,1970
8038208,8259,8774
8593202,2495,6968
3567642,6250,7165
2903659,9502,13585
1391029,3310,6603
6315205,4681,6339
4510023,6384,10021
2497966,6580,10065
8432839,6140,9359
5048425,2094,3605
6903227,3654,5276
9034281,4077,5392
8771753,5475,9296
9399482,1235,2255
6779218,4646,5841
2999992,4815,7011
5006680,6097,8107
4911435,4120,8378
7996483,9387,11733
1247988,4048,4571
2772291,4528,7833
6504024,9658,10301
1398677,1695,5827
9329451,6989,11116
5689793,2571,7512
2894147,7607,10047
5323474,3914,8008
7180765,4964,9595
3954484,907,5124
7861819,962,5386
9342038,6410,9787
7582847,7869,12603
2780164,9233,12133
8758844,3688,7990
9715333,3846,8214
8174088,5247,10099
1422381,9092,13363
8806813,7107,10066
4026445,5055,6925
2759850,2654,6941
3206659,4590,8208
6647660,7168,9605
6601159,2789,4611
9813814,3408,5848
1821850,648,2174
9915391,2576,4178
3171750,6495,10110
2233156,2006,4263
7799481,6365,8003
3892627,9571,9758
3686738,5978,5986
6913552,6906,6932
5709726,6714,7651
3768298,6988,9886
9576005,5328,8251
8980235,6017,9019
3342889,9028,13901
1925734,5941,7022
2187712,2618,5126
7743976,3474,8121
7829797,1713,5163
1798835,2689,3851
5143401,3317,5225
7331253,387,608
1923479,2559,6570
8457303,9691,9714
2728082,7036,9291
2979594,5571,8384
8261194,6422,8583
8425214,780,2992
1329890,1593,4080
2499332,3837,4855
3838145,2801,5100
6472040,5259,5629
5199809,7441,7488
2092688,9621,12587
5802651,4483,7363
4397162,3847,6789
1656160,4528,7978
9408498,9243,9323
7061398,1583,6376
4296584,2309,5997
6997520,741,1771
1063893,7562,10481
3911955,4717,9097
8037288,1344,3916
2946833,8405,9643
5776715,6731,11609
9142696,6509,8796
4485544,8768,9865
8209575,7544,9981
9105093,6283,9535
1688391,7231,7866
4624876,634,3241
8616766,957,966
2498274,7428,9222
4501533,7228,11035
4822022,8441,8539
8373565,2640,4536
2226532,5036,7956
3266027,4667,6384
3784844,1383,2287
1872674,4740,8993
6636121,616,1771
6515459,1456,6314
4094579,754,1466
4444134,3242,6948
3466501,2315,4489
1584245,3194,4269
2738409,5780,6728
5860966,9562,13805
4570672,5337,6942
3593953,1290,5911
5591441,147,458
2304696,1678,6342
7050360,9649,10263
1177885,6606,11478
4672452,2238,6810
6466839,5378,9090
5189112,1871,5784
4962940,9486,13251
2630689,1370,3492
4105322,4564,6048
5989291,5101,8505
9532013,2618,2995
4318665,5134,7439
3906066,683,3392
5679930,5045,9587
7384557,903,5116
4995622,8066,10999
6271917,9477,9850
2318422,9827,13379
1724529,9522,13546
9383900,6015,10746
6630327,2472,5347
7079779,527,2469
8276316,4440,7479
2109347,172,1165
3534703,2657,6224
5019303,1226,1903
3495879,5247,9163
6784059,2540,5282
7483959,9434,12809
5922547,4086,6461
6990448,7797,8903
5227314,1276,2204
5868706,4362,8302
9664734,2026,6876
3753887,122,568
8289984,4034,6602
7636385,9033,9260
5163604,8271,11302
4890057,3552,5560
6704500,8839,11846
3861400,6878,10887
3863206,6996,10572
2267427,3742,7798
9050320,7037,9752
9480630,9248,11642
1655533,6817,9835
7275500,507,1722
1076892,914,3579
1907866,9267,12322
3591753,6026,10475
2784709,142,4853
7122761,1121,4414
8908702,1264,1546
3118233,3996,4097
7150362,7433,7981
3100419,5762,9104
7685861,3181,8031
3835671,4455,6576
6342431,9341,10613
8994315,8279,11116
4605062,4637,8562
8631869,5809,6550
4602174,8404,9122
2959930,8674,12780
9505204,8932,12607
4306277,2978,5138
5815700,9108,11067
3500534,1718,6182
5549991,3853,8688
6125581,1159,3887
8851913,1253,5949
5106668,7071,8027
4474487,1188,2925
1442640,9390,11316
3052453,2314,2932
6612109,9291,11441
2569824,4962,8483
5327993,9146,13064
1098296,1809,6182
3030943,2588,4271
5319919,669,5467
7405529,8915,10995
2354394,3645,8435
5779159,3352,7201
7978329,7164,7323
5354429,443,2338
5006699,1621,2272
6889049,2436,4335
8921650,5863,8933
2122455,5608,6633
4066110,9963,10350
1948117,6427,7578
8682082,9206,11857
4961209,7183,10535
8188353,7081,8569
7477302,919,5393
4810120,3866,5469
6901224,8095,9990
7527478,6326,7157
3798441,8702,10353
4944938,3052,5226
7088342,6596,8039
4343397,5419,7806
4420729,8283,11259
5153909,1445,5795
4341175,7398,11012
9669184,4093,5165
4471052,5528,7945
7667141,3712,8259
4012676,8190,11874
2583672,4412,4697
7572455,6982,7822
2251598,1421,4205
4023997,7927,10319
8649936,7686,9053
7140122,2797,6679
2040095,2836,6464
9849588,1834,5949
1898327,7549,12303
8091201,6045,10559
6515981,6846,8619
1871199,2180,4227
2718661,8723,11492
3175524,7561,11026
3957828,4980,7722
4546545,9904,12222
5578559,1551,4670
9379896,8059,11107
8697947,5475,7772
9468203,652,2706
3843197,9002,13188
2896212,1511,5053
2330690,5000,6179
3017272,786,3050
3059273,8959,10015
7144149,1184,2561
3108280,8529,9274
7427299,153,3788
6664645,5963,10459
2856192,1294,2404
3605102,8642,13546
2645742,6499,6613
1878924,2652,7073
2006900,6500,11333
5245262,9538,9992
2072052,6544,10249
4600261,4928,5964
2745678,8851,11831
4053429,8850,12420
2277356,2695,6537
4885701,9637,13270
9036833,7087,9215
7524518,5143,6582
3797323,1863,3279
3796314,1838,4397
7634180,3678,7987
5651366,3714,7065
5471238,634,4188
2617428,7348,9675
9577150,458,2175
5932307,8257,8308
8295504,4402,6901
3823596,1650,5834
9004072,1720,5939
2268228,1238,5628
9970661,5623,6941
9015204,9537,10004
8767254,1882,5255
7835256,1749,3390
1564716,497,773
1846092,9170,12759
4607996,7149,9561
4835692,4290,7002
4554411,5536,7157
7748681,7261,12098
3858810,4647,7924
2822699,3678,6090
7412239,1807,4459
6734778,4211,8719
1375307,3949,7176
2140401,3904,6327
5278483,4049,5335
3204397,6443,10967
4576945,2765,6291
1664541,1186,3903
4931056,649,1859
3188611,7304,12083
3495732,2864,3371
8959200,3439,4615
6667003,9894,10169
1452374,9470,13294
4974894,6456,7677
8858134,8834,10112
1569844,2503,7334
9264996,8447,12667
1232616,5308,5634
3354023,843,4594
4897120,1575,5386
3865430,4849,6732
9081236,1784,2842
9624660,407,4732
7713565,5235,6048
9267381,8726,11723
2193922,4115,4957
5419358,734,2195
8790637,8789,13266
1070006,1428,1745
9876900,2722,5262
3240216,2407,4746
6508220,2496,3038
9899073,1810,5606
6098842,9923,13886
7879066,5679,9635
5756260,5398,8868
4176077,1517,2336
5448941,6590,8587
3113065,2794,3732
9039243,9789,12728
5935683,6506,7755
4218220,7778,10477
7824124,8584,9515
7201451,9112,12591
5678289,7803,7940
9655164,6926,10262
2516221,1516,5292
2757024,3193,3886
8001663,4689,8334
3770045,3505,5576
2948011,8005,10918
6516358,235,1079
5329503,6450,9507
8447203,9982,10142
3346768,1479,3779
8157754,8352,8595
7518320,729,2496
8253696,4802,9537
2199717,5350,8141
1281622,7310,11074
6281041,9709,13445
8525903,219,417
8284743,410,5118
4182994,212,1427
5177607,8769,10322
6212626,4026,7554
5414845,1682,4131
3378981,6408,8311
5346748,5979,6999
7066245,2207,6565
6359346,379,1253
2353249,4391,7666
9139576,4967,7827
7418073,3593,8462
8451326,1277,2506
4886644,1804,3373
2695598,5207,9227
1612541,7831,10184
4479160,6287,9083
4693380,4233,7850
6337419,4897,8864
9846025,6287,8557
5797223,5203,6888
4039086,6370,7473
5143269,4299,8725
6305086,7292,11490
2743931,8047,10063
8089221,2712,3605
7515417,1043,3089
8973493,9512,11955
3853850,9975,11144
3429234,6854,7461
1282656,5798,9437
5884647,7987,11455
4226955,3534,5883
1892417,1694,6512
2133491,4294,4461
9252055,2650,6027
5470735,2366,5593
9951617,6577,8457
8897666,8091,10098
6800629,3600,6813
3635785,3615,5602
6166460,9013,9088
2371960,5890,7801
6549626,6349,9700
5511269,1446,5940
3948906,9670,10615
3495317,4132,6747
2160329,1320,4769
7030602,2174,2560
9686114,4688,7681
5639829,3708,4560
7617726,118,4863
6612432,8920,9325
5997810,7062,11928
3204852,5531,5821
2384870,8359,10648
2490915,6690,8152
9828904,3003,7992
7785230,203,4940
6782338,2719,3666
6792241,174,1347
1892839,7112,8241
8822079,823,2510
8931195,4986,5301
5585778,64,4060
6745538,4786,7160
9754368,8240,9216
5178600,5875,6165
9194985,7421,7996
6737829,2693,3295
9914878,6332,10894
1634553,8769,9442
1697669,1875,3126
3844340,1670,2058
4292664,1161,3732
9401162,7524,10361
9077970,216,455
9560944,760,1945
3429099,5484,7666
5898753,7094,10274
9538351,9797,13448
8825098,6140,6791
4104785,8833,11227
3391626,112,950
3035234,7415,10659
4079130,5422,9279
8181041,2477,5767
1856284,9304,11973
5906774,6294,8186
7660065,8481,8679
1602969,9476,13689
6761789,5120,9169
4087101,4721,8944
4590515,8416,10548
5072335,5662,10372
3216973,3372,8175
5141660,9047,9515
5298978,1152,3200
1606672,4215,5295
3421255,6127,6838
3518684,1861,2805
1161606,7757,9065
9009927,5965,8533
8560396,653,5518
5081862,8248,8812
3357309,8219,11118
4202447,6142,7662
2563799,9322,11684
1215716,7846,10307
9694606,5781,6871
6406148,8608,13063
2416596,4497,6453
7466630,5780,8989
8664428,4590,6275
3346646,3217,6000
2971184,5495,6428
7229608,1520,3733
7213640,7917,11462
2685176,5380,5958
6144301,7280,7955
9461092,1359,5851
3981246,3443,5685
5900556,7864,10440
1122116,7095,10256
8788330,1520,4901
6607728,9863,12138
7559507,1184,1687
5326850,792,5576
3754102,5160,6123
6377303,28,4784
9422846,2286,5397
9630059,178,1478
7381448,4113,6727
2268561,9328,11255
5543058,4779,6394
7548287,4791,8876
5835621,2347,3321
1668742,5902,7626
2155186,9285,12983
7654227,4607,7155
5975187,5546,6020
6615041,3838,6905
5686573,8275,12432
5309101,6176,8369
2914421,4953,9244
7743142,6454,7043
2958148,2514,3540
3735528,2448,6708
9261557,3105,3941
4043973,8492,11174
4955331,322,2046
4014076,9396,12426
3888336,9340,9721
1654126,6505,11464
4068744,8827,10294
7968684,1430,2893
6012507,945,5716
1338721,5104,9904
4285056,5884,8040
9563200,8627,13315
4792962,467,4319
8103340,2093,5947
7838630,3057,7147
9753906,1467,4811
6442790,8817,12854
6889019,2108,4906
3356819,6433,9321
6264147,1319,4651
6467030,3863,4271
6389962,4678,5960
1703600,1304,5718
1163084,7131,7615
1367646,8260,12699
9291085,2712,6543
2220639,9751,12286
6340297,3991,6104
1931656,5611,7152
1270930,3407,5295
5132740,701,4966
2712775,624,4702
4082382,9468,13252
1340754,5032,7070
1989199,1435,3487
6338472,2485,6785
1259902,1355,5421
2596741,7845,12323
4745440,9132,11636
9844282,5327,6072
9755314,5266,5380
3314968,9177,11963
4986332,8571,10071
2969942,7284,9999
7094314,9523,12498
5242455,4556,4985
2625853,5483,7906
5146854,9976,11723
2637168,4535,5213
6083566,3024,4112
3040024,5113,8665
3976460,780,1611
1767013,3702,7262
4589924,5444,7372
5115944,1277,1571
1359288,3170,5184
9512408,9506,12838
9897069,5269,5810
9365979,930,4006
4539343,9378,13847
6734492,6389,8568
9687151,7651,12241
2401260,8500,8765
3803726,8432,8801
1320071,7614,9082
5474235,5726,9381
1097475,2160,4830
3349515,4081,8186
6895302,8714,12833
5637550,5371,6228
8281278,1392,2654
2143577,1622,5735
7565566,3961,4200
3667599,4898,7892
6145918,1566,2589
6023164,659,2042
4832234,8049,9687
8098342,3262,7254
5871440,5281,7679
9049168,4124,8149
8457329,1784,6527
4092134,7870,12288
6811449,9783,14170
3757010,6687,11581
4255741,2716,5373
7173322,3238,7086
9822548,3493,5632
3935689,5694,7941
7574901,4822,9223
1255928,5872,9050
6668890,5651,8983
1944612,7007,11560
3734843,7592,12532
6111200,742,5450
6276239,4157,4304
9535658,4571,7266
5741218,9284,12449
8996818,1163,4484
9810285,9425,10037
3296547,443,5361
2389942,7194,7243
7619334,9260,11148
6223047,9689,10240
1585900,4509,6312
7848426,3359,4485
1764945,5086,7640
1804947,90,2501
9541560,4406,7532
9573485,7014,7674
5691844,1211,4003
5029116,2172,2699
1360963,8457,12102
8882700,5029,8019
6615374,6671,8654
5082923,8491,12158
9732949,3155,6717
4273913,4310,9127
9655432,33,3668
9064286,5263,6735
8492757,3059,6224
5400905,9784,12760
9561396,2864,4667
3832179,8140,9769
9163354,7179,7258
1684857,8153,11678
5349227,9298,9565
3353141,7452,9986
6023926,3963,7111
4428343,6225,9821
6410727,9834,12255
3790246,6392,10600
9364128,6997,10441
3321087,9649,11696
5582568,2100,6540
2881615,6626,10539
2388219,2119,3784
4730967,4032,7096
5924663,9977,12817
1514826,9011,13114
2906291,8702,12261
9448040,4183,4518
8177559,1509,3335
2777024,67,3238
8530898,2340,6901
7556668,3000,7474
4154680,6654,6798
2232231,5050,9839
6393931,3291,5637
1040904,1708,5719
4927442,8410,11997
6896439,6299,11255
6358617,1572,6484
2198961,7658,11040
4510223,3532,7142
4776285,5996,6412
6404406,1302,3307
4964588,829,1121
4287637,8021,9983
2903189,3258,7712
5610836,8181,12614
2511746,5170,10081
9415813,3296,7061
2102273,1677,2472
2101342,8333,11092
2015635,3218,6941
4962595,3913,8048
1616120,5877,9491
7826597,1275,3265
4078917,6779,11263
4426886,1892,3260
5575046,4564,4900
2368188,6794,10949
4546926,1177,2328
7310413,6514,9114
3605599,2536,7059
4101415,6945,11647
6730902,5358,7566
3117700,9765,13402
5238994,5255,9514
4766455,3213,6504
6383284,5062,8001
2589584,3214,7222
3893019,8431,10422
4226883,8131,9038
2970525,1244,4849
8297474,2830,5525
5320431,6069,8943
6658960,9573,12127
2294245,2916,6380
4451208,4425,7048
8013922,5264,5856
7345701,9572,13675
1782118,7869,10484
3094713,5535,10397
7876112,3208,6416
5468550,2521,5323
9945954,7783,11094
5613851,5034,6986
9177104,7024,11049
1646612,8214,11825
8637054,140,1365
6506433,2202,2928
1578114,1227,6000
9978501,4511,8015
8438293,949,5417
9268025,1007,5702
5677332,141,3100
4177630,1344,2551
9412058,9390,13091
7770562,2879,7260
4365589,6886,10129
9150059,3123,6732
6890440,7429,7952
7133492,5196,7189
6084893,3244,5872
1944716,7296,10903
8116321,251,4512
7208149,9089,11550
7983096,3297,5962
1198836,5281,5944
6087434,3706,5784
6939519,8199,8657
1661626,8701,11790
6674927,3911,6213
6641748,466,4573
4586827,8335,8554
8358019,6811,9439
7602354,9944,14376
6722651,7040,11294
2571105,8371,8658
2660862,9399,14331
3959853,4411,6912
8425517,2257,4153
2275201,8572,12245
3828036,174,4359
8459207,8896,12371
5066282,7144,7593
3790192,44,556
6455484,561,743
5756056,6617,7885
8345793,3063,6573
1052228,8915,11721
3337310,4824,6478
8244531,9438,10663
2254573,1822,4821
8760537,3935,4174
7842446,807,1176
2576897,2145,5271
9636305,7621,9383
7004736,2085,3613
3572895,1671,2563
8145771,1956,1983
4890072,3577,8035
6084934,4490,4819
7295142,1755,6124
5191961,1078,1586
7795962,9727,12625
8400919,3083,6894
3129650,5164,9125
1636859,9127,9637
3720033,5129,6263
2837054,9545,9678
7479731,6389,8480
9335885,9287,13140
9889705,1869,3742
6333110,2533,7023
2943179,1663,5932
6961711,6834,9678
5274273,23,2965
5410986,6766,8131
3383858,7421,9548
9680923,7815,11547
1555950,8416,12432
1042845,38,1594
9880989,8350,11547
2154287,33,831
8832676,2072,6155
1979722,9269,12173
7185752,634,1769
4864321,1033,2582
7187613,3645,5642
2455295,2784,6973
6837325,9023,10874
1069061,7023,7539
3928961,3202,4781
1383513,2187,6289
3411706,9664,11035
2918869,4169,9039
1400896,9826,11454
9774911,9472,13977
8664552,7487,7910
2768349,8817,13742
5705050,4682,9596
5222254,7013,7179
2299776,4789,6295
6649586,9084,13601
7822532,6929,7108
1576172,7327,10887
3390432,4411,9398
5855775,4547,7238
9910231,4770,7487
7979988,7561,10210
7071224,7695,8360
2085649,9007,11565
7543125,9808,12204
9852635,6765,9449
4191683,2868,6598
3273849,1077,2240
8892315,4862,7260
6752000,6944,8638
8539058,7683,9364
1370856,3274,7778
2109449,3577,4734
9188465,4969,9522
7753526,5952,5968
5984554,9404,10581
3873370,9729,14130
2692399,1554,1742
1631368,7022,7377
4180948,476,1769
9021772,3775,5452
6430032,501,5057
2722285,8761,13313
6975996,1376,5200
7882391,8200,11380
6123603,9159,12829
6347333,7146,9556
8284153,5043,5546
7527233,7104,10382
8042790,1146,3229
5386249,7333,7714
5005804,9455,11056
1890709,3199,5569
1147633,7222,11094
7821125,9345,13480
8533682,4738,6960
2753248,1897,4267
7132010,9187,11846
8091487,7839,9292
7743643,551,2933
1328614,651,4282
4841562,4408,9070
5752624,9472,11949
3226280,4790,7525
3548054,9335,10373
6083954,2507,3952
6683577,5034,6326
2004411,6922,10382
5471786,1489,2356
1941510,6887,9258
3210485,5068,5760
1913916,5202,6909
1854386,699,2152
5737660,2879,3536
9650140,8221,11445
5480955,1159,4581
4938839,2062,2461
3690010,4012,8736
7808148,7898,11768
4628799,9942,12889
9523410,5358,9614
8870948,322,1830
3004200,7926,8339
9587760,3482,8236
4950640,569,2850
9752203,7059,8479
3820831,1526,3354
8789406,8960,13190
5675839,2491,3160
9507568,3652,6588
4229473,391,3219
6648971,968,3803
5031737,5407,7365
2266396,1727,3562
7567850,3882,8331
5363888,1285,3090
7842582,1847,5788
2657472,3163,5583
5963650,5197,7997
3419692,2190,2632
3828249,2869,7534
7868310,8356,10684
2332254,7166,10974
5075210,3187,6537
3353591,4737,7649
4510729,9689,14480
9907498,8769,9734
3096225,6468,10375
8422366,8791,13601
8190766,6938,9915
5612861,5495,6289
3179720,3921,5074
5949262,2734,2797
5988593,6613,9434
3642881,8856,9783
8223145,4407,5457
4041583,8940,12532
2621882,523,5019
4857086,7498,8600
2739564,8319,10545
6104733,6300,6860
6460973,6423,6786
6793707,4613,4868
2381684,77,443
8753651,6077,6263
1501244,2814,3861
7551936,152,4580
3353013,399,882
4803984,7951,10168
6353071,6764,10136
9436431,7483,9397
8596897,3853,4383
9011806,213,4589
5903398,1878,3651
4664854,8382,10007
5113324,2110,6143
2737059,5649,5749
8864692,9708,13833
9764645,4041,6163
8511683,9748,11152
5596130,7485,11569
7164819,189,3426
9667097,1880,6551
6978232,1276,2982
5488361,4886,9083
9253973,8601,9241
1283772,4042,6643
1140678,6388,10090
4630556,6022,9536
3529956,7470,9360
1143802,5621,5863
6496214,7432,10708
7064943,6990,8083
5653003,1885,3541
7593665,4804,8254
4563396,1452,3992
4923678,706,3156
1541968,587,3476
6966881,5444,9821
7933161,3087,6436
3178096,8183,12039
7048227,9605,11304
4319434,7792,11286
9240309,1664,4949
5139636,3043,7306
9931926,3206,6655
1011419,5375,6078
3632027,3094,5395
4246520,9550,14145
2954601,8057,12979
7357298,7066,10449
8133216,2817,5929
7305220,5113,9531
6804617,9856,13016
4474180,4959,9469
8110260,2933,7673
6671831,9909,12286
8943060,599,3483
1617884,1840,2233
5607489,7433,8693
1263259,6041,7713
9780789,8231,9618
6831910,6701,10783
8841796,363,1936
2415381,3904,4866
5210435,3986,7842
2894258,4132,6705
4145537,3906,5364
5602312,4580,4826
3465477,4881,6291
9287603,3051,5646
7930505,3769,5334
8374089,3625,8604
7484523,566,4759
7785808,8727,13668
2556756,3493,8397
3065791,9090,12370
8885628,8707,10619
1732168,7992,8087
7641881,3425,4580
2153507,2732,4435
8375646,4796,5887
3288066,9421,11794
9142460,1173,1372
9536461,8531,8845
6295086,6187,6789
6365960,7778,10922
8748388,1474,3336
7238911,4561,6832
3477230,8757,12737
7821367,4980,7830
3023094,4444,7710
6012754,866,948
4740126,2424,3835
8801934,3542,7583
3839833,8860,12709
4678189,7250,8028
6456192,3988,8323
8572300,1766,5922
5778166,9392,10626
2423334,966,5463
2655984,9094,13929
8494570,9673,12819
4976996,1544,2359
3060938,2496,5564
4219992,1280,3506
5974790,5885,6195
9204426,6319,9612
9319364,3434,4835
3670849,3221,5937
7708059,3915,7958
8345730,2986,6431
6815906,7683,9919
4152189,420,3561
6635170,287,1438
7200200,4454,8994
5285094,9212,10616
6752725,8303,12967
3657524,7561,9265
7244461,5606,9591
2400738,4475,5948
4646117,5443,10106
7573360,3385,8085
2608624,194,1348
8161722,6028,6302
6483540,235,547
9639947,9753,10438
7700778,190,194
4426873,7455,9565
7852956,5580,6384
5266176,8257,8368
2253516,4563,5886
8576384,937,2626
8388442,194,2162
4231323,5485,9899
8806260,7323,12107
9406545,140,2229
8529063,4481,9411
1467166,4972,7544
4406397,506,1646
8338409,5864,7046
4156563,5012,6521
6145619,5380,8301
4743238,8447,12594
7551419,5408,7760
5148469,5863,8233
8785045,5654,9833
3779470,8410,8461
3284264,9795,13853
2407913,7925,11964
7369663,4562,6535
2879804,7484,11153
5792550,405,3210
4546318,4198,6558
4301341,4773,5643
6028149,7373,12263
6687666,6094,6534
2068559,289,3276
8681634,2360,2554
5873270,7949,11804
4509673,172,3553
3435154,1172,2694
5534957,5240,7674
9409016,6363,8802
8871537,3640,3842
9475420,8199,11094
7330018,921,1647
6730408,4177,4725
9867443,7209,10122
9255030,601,2675
3319184,7613,8135
6653796,8315,10536
4514330,1413,4951
2923726,2035,6416
7071755,4048,4912
7159627,8281,10100
4418761,9455,11429
3424677,4203,8638
7824692,4254,5935
1373779,6239,10345
4932532,8448,10503
3454181,4645,8532
2041557,2926,3662
9625443,5474,6372
1506222,1974,3021
4462121,3004,7048
1682708,7128,11183
9255628,404,2760
4442745,9003,11291
9151435,2810,7426
3060929,9473,11524
3994469,5616,5855
1520401,9246,11193
7699320,5634,7614
7953355,8850,11539
2134058,435,4661
1311054,752,2077
8097823,7418,7772
5721086,1176,4894
2394102,2471,4974
6287946,2382,3711
1303032,1218,3531
4364392,7129,7215
2131916,1070,5433
9172185,4317,6797
8229674,756,4126
7905340,3900,7057
8278417,8682,9945
4719688,9723,14070
8053908,6930,11368
3751816,9189,12255
8868493,6449,9139
8265675,6067,6404
2878604,7872,10123
3294348,6111,10861
6466186,7508,10080
1796753,9554,9730
5819355,1632,3318
8707936,9612,10636
7980387,3498,6815
6468781,5278,10036
6716705,4995,7564
2580046,5291,10100
1332866,6405,9617
8856248,7287,7675
7279847,6311,9801
3541656,9885,11522
6167948,1503,6315
2424935,3708,7281
6416037,3885,6121
8878207,2979,5406
9130642,5552,6766
2047180,3797,7140
2256963,2484,5562
7844207,6476,7763
8502678,1489,4000
5419633,6640,7159
4488739,2886,7288
8237837,9452,10243
6248089,3889,5227
2702760,5553,6775
2218149,782,1410
5573243,5617,6045
2536197,1679,2267
5705288,9543,10029
8506744,8111,9817
5147095,8213,12608
3990048,391,2288
3512211,9741,11484
9471233,3678,4403
4497638,2713,4032
8475261,3965,4342
5520247,2248,7128
2395043,6941,10107
7881893,9220,12734
1560049,3593,4384
1458573,2542,6827
7347947,2211,5197
6805135,8053,11584
9781704,7852,9408
5345100,3284,5928
8466010,237,1113
2645085,6371,8470
2111480,8633,9348
3252395,7051,11930
6096356,925,3293
2598478,8000,11318
7082529,3089,5681
1557538,2896,5155
3913198,7472,10833
3418130,6352,8467
2445715,6689,6765
7132898,7036,8539
2031289,1201,2126
3212648,5717,7854
4361196,3296,7847
8476617,8685,11298
3850844,8492,12996
5649983,6509,8184
1946052,2187,7144
8097805,4252,4281
9583495,9701,12215
3925141,4576,7415
8529230,9404,10286
4771654,1059,4736
8032717,660,4202
4221586,3039,7946
7238604,8221,11751
4894558,596,4257
3970921,5127,8688
5474144,4045,7117
4012294,2051,3115
4326327,5145,6014
1527192,2053,4067
2461131,8442,10172
3863849,638,1219
3335154,231,3518
7608408,4180,6851
4221755,7350,8781
4646058,7502,10091
3522005,9754,10213
1897551,9195,13766
4020028,4937,6276
8845830,5859,6583
9408047,9390,13965
3897746,8066,9252
6848405,886,2044
3157094,6393,8307
6305056,5202,8579
6676087,3642,6493
6578793,1481,5444
2111637,3922,7130
8632049,4583,7112
4230941,9477,14345
2299188,6580,10310
9117459,9516,12987
3047715,6427,7518
9200154,6457,7295
7649041,4354,4435
2459108,1980,3154
8841518,3783,5800
7790746,6468,9599
7646079,8261,10745
4088222,9747,11526
4355618,6351,7591
2383875,7509,9856
6235242,8546,10457
5889984,3137,7865
2078820,6189,9221
7581062,1900,4767
7341242,2945,3924
9088447,6760,10337
1614584,4873,8298
5391609,170,2493
5002521,7750,7770
4330842,2034,3722
1827865,8258,10975
7737564,6942,8071
1508964,5998,9768
1424285,6328,7239
5300479,4226,4978
5736351,6136,9895
4208508,5212,7192
4345695,8841,12351
2446749,9254,13678
2008088,9027,9248
5048848,1456,2299
5305660,5480,9826
1899150,218,3749
9666178,2791,4487
2365958,9379,11818
4729090,6264,10998
5288122,1381,3547
4978960,8588,13075
8757629,8906,11594
9091766,2487,3456
1157522,549,888
4524932,1304,3990
7294614,9204,10954
5342002,3916,4560
6633035,2548,6508
8496934,8328,10375
1932668,4275,9127
9105635,61,3873
5665567,7354,10356
2430733,6794,9804
3225138,9814,13743
5907946,5544,8170
9479538,1997,4614
1403800,7862,12412
9437559,4692,8385
7429448,8635,13131
3539686,4914,5161
9467367,3021,3783
6775030,7125,10452
3470471,2801,3593
3166284,8560,13067
3821411,306,2230
7676032,4717,5577
4787715,1768,3319
1952233,5204,6744
2929303,3285,5434
5749286,8620,12209
4589700,4150,4512
8215176,2356,6535
1294167,7990,12451
7451001,3463,8026
1641859,2851,6036
2374258,4983,8755
5825283,8925,12995
2295281,7757,7969
1002278,3731,7712
2283586,6557,10720
7947669,8257,10049
2339575,5464,9989
9731228,1658,3499
9706337,5408,10139
6217895,2722,5822
2710832,3701,4446
2711139,1457,5589
6947451,2027,2312
7332065,6295,10074
5037951,9225,12543
2204846,5224,9121
7191773,8019,10231
8770703,4105,4864
6307656,6386,6850
9608334,7045,10736
5085107,5549,7144
7742771,6148,8637
7643172,1541,4622
7312914,8339,12338
7656564,5053,9569
6118845,7607,9620
5369070,6116,10870
2387147,5961,7625
5322588,1932,6262
9983531,3447,5024
8976115,9691,13858
1903680,305,3681
9073666,5714,8905
6556714,4803,5085
1094755,4300,5851
2906787,3299,7474
8010489,2350,3270
8176541,8961,12568
3990942,4076,5545
2223442,6124,6523
3655666,136,872
2471678,197,1193
2123329,2361,4849
9774966,9446,11248
7098501,9349,11870
9549785,883,975
3789359,8166,9046
9779101,5214,6169
3108385,3788,4419
7460377,8445,12183
8094306,8830,11463
7257542,5550,7926
6786831,2632,7105
2659031,8545,12741
9286542,9034,11136
1155773,8506,12289
4108548,1883,5073
3741861,3770,5510
1035608,5139,8681
2626154,6340,8941
3266107,856,2138
2615958,7559,8396
7332096,8753,12354
1393400,3525,3814
5853238,2267,6084
6612197,2609,3494
9572168,6794,7817
1345569,345,2214
7902339,17,2298
6127347,8395,10908
2738963,240,4982
4691874,4452,7151
3193715,4310,5446
6228889,6546,10070
6714220,432,566
4810968,9852,13789
3268250,6182,11149
1021354,5234,5357
7557300,233,2964
4834236,4752,8170
6325866,3198,5324
8871668,5466,5692
6145859,7861,9464
8398594,5184,5352
4019121,2568,5233
5503161,6911,9595
9346934,1585,4075
7700751,2822,4638
1603399,1478,5441
7888356,4702,9547
3145547,6004,9121
6721254,4047,8427
1727316,1710,2166
3629025,2977,4237
4694446,8973,12207
7607174,6176,10168
4056431,9629,12741
1186216,18,3445
8578193,1795,5289
6021570,1404,6277
5669451,6558,9316
8121860,4592,6883
1799832,8691,11887
8463882,4988,5676
9411547,9655,11135
7687115,9430,14148
1796410,7104,8128
4756448,1718,3443
9338679,3470,5869
3369479,4987,6718
8373948,6855,9519
2538363,9881,13428
2437436,8879,13528
8827341,7627,11348
2079184,7890,10389
7458808,3582,8541
7090190,2710,7279
1725027,9102,11656
5017776,3143,3167
1000635,2299,4702
6478381,3199,4909
6778362,8366,10108
2900504,9353,9547
6219451,5803,8975
6091155,2089,4524
8483996,3628,7379
6952914,5243,6699
7029795,7215,10635
6737714,1584,2676
8993105,6112,7884
2665341,5712,7992
7227899,4648,5601
1915901,7091,8082
2296505,9556,13282
4808660,9631,12521
7980316,4477,5295
7638044,8769,10767
1318412,8098,10157
8855768,2481,2538
1957563,7662,11160
2616725,8589,8997
3048616,5635,6353
3097288,5495,6869
3814749,4317,6692
3332406,9491,10743
4053155,2545,4731
2030005,9731,11609
1460750,7669,10310
3309780,8534,11507
2300532,1143,5757
3348619,7080,12059
6180567,7845,11390
7016935,10000,12826
5599219,6344,7945
5670762,7141,11994
5142135,1565,4728
9213718,3359,5540
9530927,7557,9576
6627847,278,4704
1751673,3236,5266
4065307,7563,9132
6475391,4438,6069
9694414,4836,6763
9100805,3830,8060
8339490,6993,7798
7781550,1285,4812
2007328,8904,10762
4820816,1102,4442
2824594,838,4587
4113673,1138,5970
5497153,2521,7435
3898383,9586,11460
4187095,7880,8204
7735678,7082,11088
3970527,7616,10166
8517773,2583,6096
5022502,5452,8069
1322030,2769,3299
1881304,9290,12862
7835316,7188,9873
6074933,4036,4893
7538557,1175,1200
2871968,7491,11639
2268911,2974,3861
4955026,7273,7647
5146591,7697,12029
8394964,1412,2061
4311549,4716,9341
8874389,4618,7484
9005750,3096,7266
6889781,4192,5834
7635449,5336,7298
2317300,6736,8285
1883080,3758,8393
7637511,3139,6310
2336332,1082,4462
2861569,9315,11501
8976180,1894,3584
7500554,9691,13086
2855384,2976,3368
6399395,6293,8256
2173411,7564,10045
1257049,3297,5447
9317570,7052,11649
6530984,9438,11783
4695830,1145,5186
6136964,3554,7642
3186048,5697,8032
8430325,1687,5879
7163217,6118,9438
6442374,2011,6823
4246739,632,3910
4911998,6230,9870
7819105,2504,3612
3643465,1531,1542
4228835,3595,6100
1615887,8212,10864
3446802,8163,12725
8763148,1533,5864
2520926,3490,3867
2350243,4570,8647
4023266,8219,12373
2409714,250,1656
4471095,7474,8975
4262153,6727,9548
6467786,308,1743
5837931,5487,5855
1030630,6205,9181
3134103,6225,6746
7322560,890,4203
9522769,5385,9594
5098894,979,2387
9836783,4668,8756
6230052,7863,11800
